rank,code,name,market,mktcap,sector,close,stop,trend_score,pattern_score,volume_score,supply_score,risk_score,total_score,risk_pct,bbw_pct,adx,setup,ma20,ma60,bb_upper,door_knock,squeeze,score_details,strat1_type,strat1_name,strat1_entry,strat1_stop,strat1_risk,strat2_type,strat2_name,strat2_entry,strat2_stop,strat2_risk,strat3_type,strat3_name,strat3_entry,strat3_stop,strat3_risk,foreign_consec_buy,foreign_net_5d,inst_net_5d,scan_date,chunk,keywords,news_count
1,476060,온코닉테라퓨틱스,KOSDAQ,1034664712000,"자큐보정(Zastaprazan, 소화기질환 신약), Nesuparib(표적항암제 신약)",23050.0,21206.0,21.0,20.0,20.0,15,7.0,83.0,8.0,10.92436974789916,30.860117433639573,R,19257.5,19520.8,23153.029848507016,True,True,"{""trend_ma20"": 5, ""trend_ma50"": 5, ""trend_ma200"": 5, ""trend_align_50_200"": 2, ""trend_adx"": 4, ""pat_door_knock"": 10, ""pat_squeeze"": 10, ""vol_explosion"": 5, ""vol_dryup"": 7, ""vol_today"": 8, ""risk_deduction"": -3}",breakout,Squeeze돌파,23153.029848507016,20819.029848507016,10.080754075262007,pullback,눌림목,19257.5,18294.625,5.0,oneil,오닐,23050.0,21494.0,6.750542299349241,5,28168002730.0,214099440.0,2026-02-26 17:11,1,,0
2,336260,두산퓨얼셀,KOSPI,2606650294800,연료전지,39800.0,36616.0,22.0,24.0,20.0,7,7.0,80.0,8.0,17.647058823529413,24.31020342866583,A,35690.0,33729.0,39381.94535001656,True,True,"{""trend_ma20"": 5, ""trend_ma50"": 5, ""trend_ma200"": 5, ""trend_align_20_50"": 3, ""trend_align_50_200"": 2, ""trend_adx"": 2, ""pat_door_knock"": 10, ""pat_squeeze"": 10, ""pat_setup_a"": 4, ""vol_explosion"": 5, ""vol_dryup"": 7, ""vol_today"": 8, ""risk_deduction"": -3}",breakout,Squeeze돌파,39800.0,36098.75,9.299623115577889,pullback,눌림목,35690.0,33905.5,5.0,oneil,오닐,39800.0,37332.5,6.199748743718593,0,4539903000.0,4337857850.0,2026-02-26 17:11,1,,0
3,373220,LG에너지솔루션,KOSPI,99918000000000,"2차전지 (소형,ESS,자동차전지)",427000.0,386500.0,22.0,20.0,17.0,15,3.0,77.0,9.484777517564403,0.0,22.24297672406338,R,402800.0,397550.0,447106.6065662924,True,True,"{""trend_ma20"": 5, ""trend_ma50"": 5, ""trend_ma200"": 5, ""trend_align_20_50"": 3, ""trend_align_50_200"": 2, ""trend_adx"": 2, ""pat_door_knock"": 10, ""pat_squeeze"": 10, ""vol_explosion"": 5, ""vol_dryup"": 7, ""vol_today"": 5, ""risk_deduction"": -7}",oneil,오닐,427000.0,409800.0,4.028103044496487,pullback,눌림목,402800.0,386500.0,4.046673286991063,breakout,Squeeze돌파,447106.6065662924,421306.6065662924,5.77043586945402,5,104283904000.0,40386307500.0,2026-02-26 17:12,1,,0
4,415640,KB발해인프라,KOSPI,1227906390960,기타,10020.0,9218.4,24.0,25.0,13.0,5,7.0,74.0,8.0,0.0,30.624483822117295,B,10018.0,9970.6,10180.081371024344,True,True,"{""trend_ma20"": 5, ""trend_ma50"": 5, ""trend_ma200"": 5, ""trend_align_20_50"": 3, ""trend_align_50_200"": 2, ""trend_adx"": 4, ""pat_door_knock"": 10, ""pat_squeeze"": 10, ""pat_setup_b"": 5, ""vol_dryup"": 5, ""vol_today"": 8, ""risk_deduction"": -3}",pullback,눌림목,10018.0,9865.0,1.5272509482930725,breakout,Squeeze돌파,10180.081371024344,9988.831371024344,1.8786686768964007,oneil,오닐,10020.0,9418.8,6.000000000000007,1,11353990.0,-663823400.0,2026-02-26 17:11,1,,0
5,082920,비츠로셀,KOSDAQ,1026939154050,리튬1차전지,22650.0,20838.0,20.0,15.0,20.0,11,7.0,73.0,8.0,57.142857142857146,15.306218468243125,B,21070.0,20050.6,22969.745535201164,True,False,"{""trend_ma20"": 5, ""trend_ma50"": 5, ""trend_ma200"": 5, ""trend_align_20_50"": 3, ""trend_align_50_200"": 2, ""pat_door_knock"": 10, ""pat_setup_b"": 5, ""vol_explosion"": 5, ""vol_dryup"": 7, ""vol_today"": 8, ""risk_deduction"": -3}",oneil,Pocket Pivot,22650.0,21585.5,4.699779249448124,breakout,Squeeze돌파,22969.745535201164,21372.995535201164,6.951535434090807,pullback,눌림목,21070.0,19792.6,6.062648315140017,5,4622959550.0,-4524570850.0,2026-02-26 17:12,1,,0
6,035720,카카오,KOSPI,27175988076600,인터넷 서비스(인터넷 광고),61400.0,56488.0,17.0,25.0,20.0,4,7.0,73.0,8.0,7.563025210084033,11.228894698260516,B,58945.0,59096.0,62649.93209808217,True,True,"{""trend_ma20"": 5, ""trend_ma50"": 5, ""trend_ma200"": 5, ""trend_align_50_200"": 2, ""pat_door_knock"": 10, ""pat_squeeze"": 10, ""pat_setup_b"": 5, ""vol_explosion"": 5, ""vol_dryup"": 7, ""vol_today"": 8, ""risk_deduction"": -3}",oneil,Pocket Pivot,61400.0,59402.5,3.2532573289902276,pullback,눌림목,58945.0,56548.0,4.066502671982356,breakout,Squeeze돌파,62649.93209808217,59653.68209808217,4.7825271307703785,0,-91746569200.0,1558023300.0,2026-02-26 17:11,1,,0
7,161580,필옵틱스,KOSDAQ,1277789986200,디스플레이 및 반도체 제조공정용 제작,54600.0,50232.0,24.0,15.0,20.0,6,7.0,72.0,8.0,28.571428571428573,30.1041413817264,B,51472.5,47338.0,54851.79826854862,True,False,"{""trend_ma20"": 5, ""trend_ma50"": 5, ""trend_ma200"": 5, ""trend_align_20_50"": 3, ""trend_align_50_200"": 2, ""trend_adx"": 4, ""pat_door_knock"": 10, ""pat_setup_b"": 5, ""vol_explosion"": 5, ""vol_dryup"": 7, ""vol_today"": 8, ""risk_deduction"": -3}",breakout,Squeeze돌파,54851.79826854862,49556.79826854862,9.653284244349178,oneil,오닐,54600.0,51070.0,6.465201465201466,pullback,눌림목,51472.5,47236.5,8.229637184904561,2,-5121597900.0,3411478950.0,2026-02-26 17:12,1,,0
8,950160,코오롱티슈진,KOSDAQ,8738232825000,골관절염 치료제,105000.0,96600.0,24.0,15.0,20.0,6,7.0,72.0,8.0,50.42016806722689,34.398464763712745,B,97540.0,84398.0,105816.75230674702,True,False,"{""trend_ma20"": 5, ""trend_ma50"": 5, ""trend_ma200"": 5, ""trend_align_20_50"": 3, ""trend_align_50_200"": 2, ""trend_adx"": 4, ""pat_door_knock"": 10, ""pat_setup_b"": 5, ""vol_explosion"": 5, ""vol_dryup"": 7, ""vol_today"": 8, ""risk_deduction"": -3}",breakout,Squeeze돌파,105816.75230674702,94000.50230674702,11.166710130874598,oneil,오닐,105000.0,97122.5,7.502380952380952,pullback,눌림목,97540.0,88087.0,9.691408652860364,1,-10641501300.0,9685857000.0,2026-02-26 17:12,1,,0
9,089030,테크윙,KOSDAQ,1734110586000,"반도체테스트핸들러,C.O.K(Change Over Kit)",46800.0,43056.0,22.0,15.0,20.0,7,7.0,71.0,8.0,3.361344537815126,23.52498788227351,B,45350.0,45326.0,52230.848746129406,False,True,"{""trend_ma20"": 5, ""trend_ma50"": 5, ""trend_ma200"": 5, ""trend_align_20_50"": 3, ""trend_align_50_200"": 2, ""trend_adx"": 2, ""pat_squeeze"": 10, ""pat_setup_b"": 5, ""vol_explosion"": 5, ""vol_dryup"": 7, ""vol_today"": 8, ""risk_deduction"": -3}",pullback,눌림목,45350.0,41291.0,8.950385887541346,oneil,오닐,46800.0,44845.0,4.177350427350427,breakout,Squeeze돌파,52230.848746129406,47157.098746129406,9.71408683144555,0,14439567050.0,3824038750.0,2026-02-26 17:12,1,,0
10,080220,제주반도체,KOSDAQ,1746251633100,"모바일용 LP DDR SDRAM, CRAM, SRAM",50700.0,46644.0,25.0,15.0,20.0,4,7.0,71.0,8.0,95.7983193277311,64.6686856932169,B,43155.0,32813.4,51218.542048295705,True,False,"{""trend_ma20"": 5, ""trend_ma50"": 5, ""trend_ma200"": 5, ""trend_align_20_50"": 3, ""trend_align_50_200"": 2, ""trend_adx"": 5, ""pat_door_knock"": 10, ""pat_setup_b"": 5, ""vol_explosion"": 5, ""vol_dryup"": 7, ""vol_today"": 8, ""risk_deduction"": -3}",oneil,Pocket Pivot,50700.0,46230.0,8.816568047337277,breakout,Squeeze돌파,51218.542048295705,44513.542048295705,13.090962241130619,pullback,눌림목,43155.0,37791.0,12.429614181438998,0,-30953563950.0,5185435350.0,2026-02-26 17:11,1,,0
11,323410,카카오뱅크,KOSPI,13309456092300,은행 및 금융서비스,27900.0,26650.0,23.0,10.0,12.0,15,10.0,70.0,4.480286738351254,100.0,77.18425205690816,-,26200.0,23498.0,28217.61821372222,True,False,"{""trend_ma20"": 5, ""trend_ma50"": 5, ""trend_ma200"": 5, ""trend_align_20_50"": 3, ""trend_adx"": 5, ""pat_door_knock"": 10, ""vol_explosion"": 5, ""vol_dryup"": 7, ""risk_safe"": 10}",pullback,눌림목,26200.0,25050.0,4.3893129770992365,oneil,오닐,27900.0,26226.0,6.0,breakout,Squeeze돌파,28217.61821372222,26106.36821372222,7.482027660907608,5,35229745600.0,25296886500.0,2026-02-26 17:12,1,,0
12,067310,하나마이크론,KOSDAQ,2467812310900,"반도체패키징,IOT",37150.0,34178.0,24.0,15.0,20.0,4,7.0,70.0,8.0,57.983193277310924,35.56492370222033,B,35117.5,29673.0,38146.25752489794,True,False,"{""trend_ma20"": 5, ""trend_ma50"": 5, ""trend_ma200"": 5, ""trend_align_20_50"": 3, ""trend_align_50_200"": 2, ""trend_adx"": 4, ""pat_door_knock"": 10, ""pat_setup_b"": 5, ""vol_explosion"": 5, ""vol_dryup"": 7, ""vol_today"": 8, ""risk_deduction"": -3}",breakout,Squeeze돌파,38146.25752489794,34017.50752489794,10.823473304832532,oneil,오닐,37150.0,34640.0,6.756393001345895,pullback,눌림목,35117.5,31814.5,9.405567024987542,0,-16387435250.0,8122030950.0,2026-02-26 17:12,1,,0
13,018260,삼성에스디에스,KOSPI,14802373140000,"IT서비스, 물류BPO",191300.0,175996.0,21.0,15.0,15.0,11,7.0,69.0,8.0,11.764705882352942,30.656415015582983,B,173255.0,174156.0,182908.81057363504,False,True,"{""trend_ma20"": 5, ""trend_ma50"": 5, ""trend_ma200"": 5, ""trend_align_50_200"": 2, ""trend_adx"": 4, ""pat_squeeze"": 10, ""pat_setup_b"": 5, ""vol_dryup"": 7, ""vol_today"": 8, ""risk_deduction"": -3}",oneil,Pocket Pivot,191300.0,185992.5,2.77443805541035,breakout,Squeeze돌파,191300.0,183338.75,4.161657083115525,pullback,눌림목,173255.0,166886.0,3.676084384289054,5,29848770800.0,-15649784800.0,2026-02-26 17:12,1,,0
14,051910,LG화학,KOSPI,27531013770000,"유화/기능/합성수지,재생섬유소,산업재,리튬이온전지,평광판,PVC 제조,도매",390000.0,358800.0,19.0,20.0,8.0,15,7.0,69.0,8.0,17.647058823529413,21.922800196847618,R,331775.0,336670.0,392336.7077299482,True,True,"{""trend_ma20"": 5, ""trend_ma50"": 5, ""trend_ma200"": 5, ""trend_align_50_200"": 2, ""trend_adx"": 2, ""pat_door_knock"": 10, ""pat_squeeze"": 10, ""vol_dryup"": 5, ""vol_today"": 3, ""risk_deduction"": -3}",oneil,Inside Day,390000.0,373075.0,4.339743589743589,breakout,Squeeze돌파,392336.7077299482,366949.2077299482,6.470844940023973,pullback,눌림목,331775.0,311465.0,6.121618566799789,5,210990413500.0,77221016000.0,2026-02-26 17:12,1,,0
15,002020,코오롱,KOSPI,912572976000,지주회사,70700.0,65044.0,25.0,15.0,15.0,5,7.0,67.0,8.0,96.63865546218487,63.90381490541931,B,63635.0,54187.0,69944.29166833943,True,False,"{""trend_ma20"": 5, ""trend_ma50"": 5, ""trend_ma200"": 5, ""trend_align_20_50"": 3, ""trend_align_50_200"": 2, ""trend_adx"": 5, ""pat_door_knock"": 10, ""pat_setup_b"": 5, ""vol_dryup"": 7, ""vol_today"": 8, ""risk_deduction"": -3}",oneil,Pocket Pivot,70700.0,66445.0,6.018387553041019,breakout,Squeeze돌파,70700.0,64317.5,9.027581329561528,pullback,눌림목,63635.0,58529.0,8.023886226133417,2,693503600.0,-1766282400.0,2026-02-26 17:12,1,,0
16,192080,더블유게임즈,KOSPI,1153954006000,모바일게임,54500.0,53200.0,20.0,20.0,13.0,4,10.0,67.0,2.385321100917431,15.126050420168067,19.072714555706817,R,54375.0,53640.0,56750.6411313772,True,True,"{""trend_ma20"": 5, ""trend_ma50"": 5, ""trend_ma200"": 5, ""trend_align_20_50"": 3, ""trend_align_50_200"": 2, ""pat_door_knock"": 10, ""pat_squeeze"": 10, ""vol_explosion"": 5, ""vol_today"": 8, ""risk_safe"": 10}",pullback,눌림목,54375.0,51656.25,5.0,breakout,Squeeze돌파,56750.6411313772,53840.6411313772,5.127695373984195,oneil,오닐,54500.0,51230.0,6.0,0,-3065253800.0,3813476400.0,2026-02-26 17:12,1,,0
17,450080,에코프로머티,KOSPI,4953224530800,배터리 양극재용 핵심소재 하이니켈 전구체,70200.0,63600.0,25.0,10.0,20.0,9,3.0,67.0,9.401709401709402,60.50420168067227,40.41047064583863,-,67525.0,61158.0,72801.40817396432,True,False,"{""trend_ma20"": 5, ""trend_ma50"": 5, ""trend_ma200"": 5, ""trend_align_20_50"": 3, ""trend_align_50_200"": 2, ""trend_adx"": 5, ""pat_door_knock"": 10, ""vol_explosion"": 5, ""vol_dryup"": 7, ""vol_today"": 8, ""risk_deduction"": -7}",pullback,눌림목,67525.0,64900.0,3.887449092928545,oneil,오닐,70200.0,67220.0,4.245014245014245,breakout,Squeeze돌파,72801.40817396432,65170.158173964315,10.482283504413221,2,8331817200.0,1692123800.0,2026-02-26 17:12,1,,0
18,066570,LG전자,KOSPI,23895432972900,"이동통신단말기,C-TV,V.C.R.,컴퓨터,완전평면 TV,플라즈마 디스플레이 패널 TV,전자제품(세탁기외),CDMA(코드분할다중접속)이동통신,전자교환기,전송기기",146700.0,134964.0,25.0,5.0,20.0,9,7.0,66.0,8.0,100.0,42.91373525810422,B,113265.0,102688.0,127384.0880228246,False,False,"{""trend_ma20"": 5, ""trend_ma50"": 5, ""trend_ma200"": 5, ""trend_align_20_50"": 3, ""trend_align_50_200"": 2, ""trend_adx"": 5, ""pat_setup_b"": 5, ""vol_explosion"": 5, ""vol_dryup"": 7, ""vol_today"": 8, ""risk_deduction"": -3}",breakout,Squeeze돌파,146700.0,136852.5,6.712678936605316,oneil,오닐,146700.0,140135.0,4.475119291070211,pullback,눌림목,113265.0,106400.0,6.061007372091996,1,121324930400.0,84462868300.0,2026-02-26 17:12,1,,0
19,000880,한화,KOSPI,10434255912000,"화약,화공품,자동선반류,공작기계 제조,전자교환기,건설,정보통신,종합무역/임직원 및 개인대상 교육,세미나 및 워크샵 중계,동영상광고",139200.0,128064.0,22.0,10.0,15.0,12,7.0,66.0,8.0,100.0,24.05281774496948,-,120450.0,105736.0,141673.93191257076,True,False,"{""trend_ma20"": 5, ""trend_ma50"": 5, ""trend_ma200"": 5, ""trend_align_20_50"": 3, ""trend_align_50_200"": 2, ""trend_adx"": 2, ""pat_door_knock"": 10, ""vol_explosion"": 5, ""vol_dryup"": 7, ""vol_today"": 3, ""risk_deduction"": -3}",oneil,Inside Day,139200.0,131500.0,5.531609195402299,breakout,Squeeze돌파,141673.93191257076,130123.93191257076,8.152523081753452,pullback,눌림목,120450.0,111210.0,7.671232876712329,4,66286804300.0,3386461200.0,2026-02-26 17:12,1,,0
20,086520,에코프로,KOSDAQ GLOBAL,25009967198400,"환경소재,화학필터,이차전지소재등",184200.0,169464.0,25.0,10.0,15.0,9,7.0,66.0,8.0,77.3109243697479,61.813012088404854,-,164440.0,124918.0,185801.6134497925,True,False,"{""trend_ma20"": 5, ""trend_ma50"": 5, ""trend_ma200"": 5, ""trend_align_20_50"": 3, ""trend_align_50_200"": 2, ""trend_adx"": 5, ""pat_door_knock"": 10, ""vol_explosion"": 5, ""vol_dryup"": 7, ""vol_today"": 3, ""risk_deduction"": -3}",breakout,Squeeze돌파,185801.6134497925,165019.1134497925,11.18531729306854,oneil,오닐,184200.0,170345.0,7.52171552660152,pullback,눌림목,164440.0,147814.0,10.110678666991,1,81523944300.0,89739894500.0,2026-02-26 17:12,1,,0
21,011070,LG이노텍,KOSPI,8165151915000,기타 전자부품 제조업,345000.0,317400.0,21.0,5.0,18.0,15,7.0,66.0,8.0,33.61344537815126,38.849127024589606,B,256050.0,269530.0,309464.1497637516,False,False,"{""trend_ma20"": 5, ""trend_ma50"": 5, ""trend_ma200"": 5, ""trend_align_50_200"": 2, ""trend_adx"": 4, ""pat_setup_b"": 5, ""vol_explosion"": 5, ""vol_dryup"": 5, ""vol_today"": 8, ""risk_deduction"": -3}",oneil,Pocket Pivot,345000.0,330500.0,4.202898550724638,breakout,Squeeze돌파,345000.0,323250.0,6.304347826086956,pullback,눌림목,256050.0,238650.0,6.795547744581136,5,104333990000.0,27370536000.0,2026-02-26 17:13,1,,0
22,128940,한미약품,KOSPI,7609728654000,의약품,594000.0,557000.0,25.0,10.0,12.0,11,8.0,66.0,6.228956228956229,78.15126050420169,69.8350371602857,-,561450.0,493000.0,611851.860134554,True,False,"{""trend_ma20"": 5, ""trend_ma50"": 5, ""trend_ma200"": 5, ""trend_align_20_50"": 3, ""trend_align_50_200"": 2, ""trend_adx"": 5, ""pat_door_knock"": 10, ""vol_explosion"": 5, ""vol_dryup"": 7, ""risk_deduction"": -2}",oneil,오닐,594000.0,558360.0,6.0,pullback,눌림목,561450.0,517260.0,7.870691958322201,breakout,Squeeze돌파,611851.860134554,556614.360134554,9.027920579967278,5,29764163000.0,-22157968000.0,2026-02-26 17:12,1,,0
23,001120,LX인터내셔널,KOSPI,1732572000000,"전자,기계,화공,유류.금속,의류 수출입,도소매",44700.0,42250.0,25.0,10.0,13.0,9,9.0,66.0,5.480984340044743,100.0,67.40453958918413,-,42725.0,37341.0,46821.98101052323,True,False,"{""trend_ma20"": 5, ""trend_ma50"": 5, ""trend_ma200"": 5, ""trend_align_20_50"": 3, ""trend_align_50_200"": 2, ""trend_adx"": 5, ""pat_door_knock"": 10, ""vol_explosion"": 5, ""vol_today"": 8, ""risk_deduction"": -1}",pullback,눌림목,42725.0,42250.0,1.1117612638970158,oneil,오닐,44700.0,42018.0,6.0,breakout,Squeeze돌파,46821.98101052323,43956.98101052323,6.118920938770386,2,2936982050.0,14295390100.0,2026-02-26 17:12,1,,0
24,240810,원익IPS,KOSDAQ GLOBAL,6209113476500,반도체 제조용 기계,126500.0,116380.0,25.0,10.0,20.0,4,7.0,66.0,8.0,100.0,40.40338015576623,-,111665.0,87284.0,126890.90630789645,True,False,"{""trend_ma20"": 5, ""trend_ma50"": 5, ""trend_ma200"": 5, ""trend_align_20_50"": 3, ""trend_align_50_200"": 2, ""trend_adx"": 5, ""pat_door_knock"": 10, ""vol_explosion"": 5, ""vol_dryup"": 7, ""vol_today"": 8, ""risk_deduction"": -3}",breakout,Squeeze돌파,126890.90630789645,108425.90630789645,14.55187021455683,oneil,오닐,126500.0,115760.0,8.4901185770751,pullback,눌림목,111665.0,101200.0,9.37178166838311,0,-10784110300.0,5480678500.0,2026-02-26 17:12,1,,0
25,001800,오리온홀딩스,KOSPI,1509754670200,자회사 관리 지주사업 등,24100.0,22450.0,25.0,10.0,10.0,12,8.0,65.0,6.846473029045644,96.63865546218487,67.5037740550123,-,23005.0,21536.8,24495.22465992332,True,False,"{""trend_ma20"": 5, ""trend_ma50"": 5, ""trend_ma200"": 5, ""trend_align_20_50"": 3, ""trend_align_50_200"": 2, ""trend_adx"": 5, ""pat_door_knock"": 10, ""vol_explosion"": 5, ""vol_today"": 5, ""risk_deduction"": -2}",pullback,눌림목,23005.0,21968.5,4.505542273418822,breakout,Squeeze돌파,24495.22465992332,23199.59965992332,5.289296252586629,oneil,오닐,24100.0,22654.0,6.0,4,3699686550.0,44319300.0,2026-02-26 17:12,1,,0
26,033240,자화전자,KOSPI,923569198200,"Bonded magenet,플라스틱자성제품,티탄산 바륨계 반도체소자,휴대전화용 Vibration Motor,전자관,전자부품 제조",42450.0,39450.0,25.0,10.0,12.0,11,7.0,65.0,7.06713780918728,99.15966386554622,80.0499883139737,-,37160.0,29219.0,43469.70878659965,True,False,"{""trend_ma20"": 5, ""trend_ma50"": 5, ""trend_ma200"": 5, ""trend_align_20_50"": 3, ""trend_align_50_200"": 2, ""trend_adx"": 5, ""pat_door_knock"": 10, ""vol_explosion"": 5, ""vol_dryup"": 7, ""risk_deduction"": -3}",breakout,Squeeze돌파,43469.70878659965,38707.20878659965,10.955905003596733,oneil,오닐,42450.0,41940.0,1.2014134275618376,pullback,눌림목,37160.0,33350.0,10.252960172228203,5,8567412200.0,-5635181100.0,2026-02-26 17:12,1,,0
27,372320,큐로셀,KOSDAQ,783668477600,CAR-T 세포치료제,54200.0,49864.0,22.0,15.0,18.0,3,7.0,65.0,8.0,57.983193277310924,23.535581515891497,B,50990.0,48796.0,55712.215864270496,True,False,"{""trend_ma20"": 5, ""trend_ma50"": 5, ""trend_ma200"": 5, ""trend_align_20_50"": 3, ""trend_align_50_200"": 2, ""trend_adx"": 2, ""pat_door_knock"": 10, ""pat_setup_b"": 5, ""vol_explosion"": 5, ""vol_dryup"": 5, ""vol_today"": 8, ""risk_deduction"": -3}",breakout,Squeeze돌파,55712.215864270496,50810.965864270496,8.797442219747147,oneil,오닐,54200.0,52035.0,3.9944649446494465,pullback,눌림목,50990.0,47069.0,7.68974308687978,0,3705230000.0,-316349800.0,2026-02-26 17:12,1,,0
28,192400,쿠쿠홀딩스,KOSPI,1065087440750,주방용 전기기기 제조업,29950.0,27554.0,19.0,15.0,20.0,4,7.0,65.0,8.0,38.65546218487395,36.80383104794375,B,28152.5,28514.0,31355.869328197714,True,False,"{""trend_ma20"": 5, ""trend_ma50"": 5, ""trend_ma200"": 5, ""trend_adx"": 4, ""pat_door_knock"": 10, ""pat_setup_b"": 5, ""vol_explosion"": 5, ""vol_dryup"": 7, ""vol_today"": 8, ""risk_deduction"": -3}",oneil,오닐,29950.0,29045.0,3.0217028380634394,pullback,눌림목,28152.5,27048.5,3.9214989787763077,breakout,Squeeze돌파,31355.869328197714,29975.869328197714,4.401089906185421,0,-2382228200.0,179144050.0,2026-02-26 17:12,1,,0
29,011790,SKC,KOSPI,4256396695200,"기초화학원료(PO, PG), 전지용 동박 등을 제조ㆍ판매하는 사업",112400.0,106600.0,15.0,20.0,13.0,8,9.0,65.0,5.160142348754448,2.5210084033613445,18.45589253479148,R,112875.0,109882.0,118045.69575558715,True,True,"{""trend_ma50"": 5, ""trend_ma200"": 5, ""trend_align_20_50"": 3, ""trend_align_50_200"": 2, ""pat_door_knock"": 10, ""pat_squeeze"": 10, ""vol_dryup"": 5, ""vol_today"": 8, ""risk_deduction"": -1}",pullback,눌림목,112875.0,107231.25,5.0,oneil,오닐,112400.0,111240.0,1.0320284697508897,breakout,Squeeze돌파,118045.69575558715,110410.69575558715,6.46783430020881,3,36825757500.0,-21335977900.0,2026-02-26 17:12,1,,0
30,086280,현대글로비스,KOSPI,21787500000000,"화물운송주선,화물포장,자동차 수리/산업용 기계장비 임대",290500.0,267260.0,22.0,10.0,17.0,9,7.0,65.0,8.0,82.3529411764706,21.763843646703066,-,255175.0,229796.0,299034.25062642235,True,False,"{""trend_ma20"": 5, ""trend_ma50"": 5, ""trend_ma200"": 5, ""trend_align_20_50"": 3, ""trend_align_50_200"": 2, ""trend_adx"": 2, ""pat_door_knock"": 10, ""vol_explosion"": 5, ""vol_dryup"": 7, ""vol_today"": 5, ""risk_deduction"": -3}",oneil,Inside Day,290500.0,277125.0,4.604130808950086,breakout,Squeeze돌파,299034.25062642235,278971.75062642235,6.709097689636794,pullback,눌림목,255175.0,241000.0,5.555011266777702,2,75528275500.0,16057400000.0,2026-02-26 17:12,1,,0
31,090430,아모레퍼시픽,KOSPI,9159966059400,"화장품,생활용품 제조, 판매",156600.0,154200.0,25.0,10.0,12.0,8,10.0,65.0,1.532567049808429,100.0,46.252922238500055,-,149900.0,133156.0,161073.96079038974,True,False,"{""trend_ma20"": 5, ""trend_ma50"": 5, ""trend_ma200"": 5, ""trend_align_20_50"": 3, ""trend_align_50_200"": 2, ""trend_adx"": 5, ""pat_door_knock"": 10, ""vol_explosion"": 5, ""vol_dryup"": 7, ""risk_safe"": 10}",pullback,눌림목,149900.0,145400.0,3.0020013342228156,breakout,Squeeze돌파,161073.96079038974,151511.46079038974,5.936713763712535,oneil,오닐,156600.0,147204.0,6.0,4,11627276600.0,-1991211800.0,2026-02-26 17:12,1,,0
32,005300,롯데칠성,KOSPI,1308322644000,"청량음료,과채류음료,곡류음료,주류 제조,판매/자동차정비,연수원",141000.0,136800.0,25.0,10.0,15.0,4,10.0,64.0,2.9787234042553195,31.932773109243698,63.66600691409747,-,138240.0,134604.0,146608.26795933844,True,False,"{""trend_ma20"": 5, ""trend_ma50"": 5, ""trend_ma200"": 5, ""trend_align_20_50"": 3, ""trend_align_50_200"": 2, ""trend_adx"": 5, ""pat_door_knock"": 10, ""vol_explosion"": 5, ""vol_dryup"": 7, ""vol_today"": 3, ""risk_safe"": 10}",pullback,눌림목,138240.0,134400.0,2.7777777777777777,breakout,Squeeze돌파,146608.26795933844,138148.26795933844,5.770479467328792,oneil,오닐,141000.0,132540.0,6.0,0,-1590027400.0,3443213300.0,2026-02-26 17:12,1,,0
33,075580,세진중공업,KOSPI,1080139664000,"선박 Deck House, LPG Tank, Upper Deck Unit, 해양플랜트 Living Quarter",19000.0,17570.0,23.0,10.0,17.0,7,7.0,64.0,7.526315789473684,4.201680672268908,25.79150635647981,-,18893.5,18787.2,20554.196718835206,False,True,"{""trend_ma20"": 5, ""trend_ma50"": 5, ""trend_ma200"": 5, ""trend_align_20_50"": 3, ""trend_align_50_200"": 2, ""trend_adx"": 3, ""pat_squeeze"": 10, ""vol_explosion"": 5, ""vol_dryup"": 7, ""vol_today"": 5, ""risk_deduction"": -3}",pullback,눌림목,18893.5,17948.825,4.9999999999999964,oneil,오닐,19000.0,18817.0,0.9631578947368422,breakout,Squeeze돌파,20554.196718835206,19328.696718835206,5.962286032209622,0,4091739850.0,492914030.0,2026-02-26 17:12,1,,0
34,377300,카카오페이,KOSPI,9230831741000,"간편결제, 간편송금 및 기타 금융서비스",68300.0,59200.0,24.0,13.0,20.0,7,0.0,64.0,13.323572474377746,87.39495798319328,33.405024044329615,C,65255.0,56196.0,71732.3311832017,True,False,"{""trend_ma20"": 5, ""trend_ma50"": 5, ""trend_ma200"": 5, ""trend_align_20_50"": 3, ""trend_align_50_200"": 2, ""trend_adx"": 4, ""pat_door_knock"": 10, ""pat_setup_c"": 3, ""vol_explosion"": 5, ""vol_dryup"": 7, ""vol_today"": 8, ""risk_deduction"": -10}",pullback,눌림목,65255.0,61992.25,5.0,oneil,오닐,68300.0,64750.0,5.197657393850659,breakout,Squeeze돌파,71732.3311832017,65447.331183201706,8.761739506204453,0,5747971300.0,1369508300.0,2026-02-26 17:12,1,,0
35,039200,오스코텍,KOSDAQ,1958818611200,신약연구개발,51200.0,49550.0,20.0,10.0,15.0,9,10.0,64.0,3.22265625,19.327731092436974,40.997240456143594,-,52367.5,49256.0,62729.316135318484,False,True,"{""trend_ma50"": 5, ""trend_ma200"": 5, ""trend_align_20_50"": 3, ""trend_align_50_200"": 2, ""trend_adx"": 5, ""pat_squeeze"": 10, ""vol_explosion"": 5, ""vol_dryup"": 7, ""vol_today"": 3, ""risk_safe"": 10}",pullback,눌림목,52367.5,49550.0,5.380245381200171,oneil,오닐,51200.0,48128.0,6.0,breakout,Squeeze돌파,62729.316135318484,57719.316135318484,7.986696346557523,1,8411374200.0,10161694400.0,2026-02-26 17:12,1,,0
36,253590,네오셈,KOSDAQ,810702150720,반도체 검사장비,18480.0,15810.0,25.0,10.0,20.0,9,0.0,64.0,14.44805194805195,100.0,40.898667315439276,-,16592.5,13033.0,18619.77867368704,True,False,"{""trend_ma20"": 5, ""trend_ma50"": 5, ""trend_ma200"": 5, ""trend_align_20_50"": 3, ""trend_align_50_200"": 2, ""trend_adx"": 5, ""pat_door_knock"": 10, ""vol_explosion"": 5, ""vol_dryup"": 7, ""vol_today"": 8, ""risk_deduction"": -10}",breakout,Squeeze돌파,18619.77867368704,16196.52867368704,13.014386703878872,pullback,눌림목,16592.5,15780.0,4.896790718698208,oneil,오닐,18480.0,16864.5,8.741883116883118,2,7189924430.0,5474309720.0,2026-02-26 17:12,1,,0
37,004370,농심,KOSPI,2639866628000,"라면,스낵,유지 제조,도매,수출입",434000.0,428500.0,25.0,10.0,8.0,11,10.0,64.0,1.2672811059907834,22.689075630252102,42.273450660151795,-,430550.0,425320.0,455448.7861791665,True,False,"{""trend_ma20"": 5, ""trend_ma50"": 5, ""trend_ma200"": 5, ""trend_align_20_50"": 3, ""trend_align_50_200"": 2, ""trend_adx"": 5, ""pat_door_knock"": 10, ""vol_dryup"": 3, ""vol_today"": 5, ""risk_safe"": 10}",pullback,눌림목,430550.0,409022.5,5.0,breakout,Squeeze돌파,455448.7861791665,439361.2861791665,3.5322302942029196,oneil,오닐,434000.0,407960.0,6.0,5,14790293500.0,-3856809000.0,2026-02-26 17:12,1,,0
38,005850,에스엘,KOSPI,3288555216000,"자동차부품(자동차램프, 전동화부품, 전자부품) 제조, 판매",70800.0,65136.0,23.0,5.0,20.0,9,7.0,64.0,8.0,91.59663865546219,26.56522231604646,B,57470.0,50879.0,65118.07516055271,False,False,"{""trend_ma20"": 5, ""trend_ma50"": 5, ""trend_ma200"": 5, ""trend_align_20_50"": 3, ""trend_align_50_200"": 2, ""trend_adx"": 3, ""pat_setup_b"": 5, ""vol_explosion"": 5, ""vol_dryup"": 7, ""vol_today"": 8, ""risk_deduction"": -3}",breakout,Squeeze돌파,70800.0,65523.75,7.452330508474576,oneil,오닐,70800.0,67282.5,4.968220338983051,pullback,눌림목,57470.0,53249.0,7.344701583434836,1,6017012300.0,22509427600.0,2026-02-26 17:12,1,,0
39,056190,에스에프에이,KOSDAQ GLOBAL,1280147294000,"디스플레이, 2차전지, 반도체 제조설비 및 공장자동화기기",35650.0,30650.0,24.0,10.0,17.0,12,0.0,63.0,14.025245441795231,100.0,36.610473437542716,-,32457.5,27576.0,35235.91706576706,True,False,"{""trend_ma20"": 5, ""trend_ma50"": 5, ""trend_ma200"": 5, ""trend_align_20_50"": 3, ""trend_align_50_200"": 2, ""trend_adx"": 4, ""pat_door_knock"": 10, ""vol_explosion"": 5, ""vol_dryup"": 7, ""vol_today"": 5, ""risk_deduction"": -10}",breakout,Squeeze돌파,35650.0,32991.25,7.457924263674615,oneil,오닐,35650.0,33877.5,4.971949509116409,pullback,눌림목,32457.5,30650.0,5.568820765616576,3,3632258350.0,2263155300.0,2026-02-26 17:13,1,,0
40,226950,올릭스,KOSDAQ,3218267350200,siRNA 신약 개발,159400.0,146648.0,17.0,20.0,7.0,12,7.0,63.0,8.0,14.285714285714286,17.96393018094874,R,138020.0,138116.0,157216.58752973343,True,True,"{""trend_ma20"": 5, ""trend_ma50"": 5, ""trend_ma200"": 5, ""trend_align_50_200"": 2, ""pat_door_knock"": 10, ""pat_squeeze"": 10, ""vol_dryup"": 7, ""risk_deduction"": -3}",oneil,Inside Day,159400.0,148862.5,6.610727728983688,breakout,Squeeze돌파,159400.0,143593.75,9.916091593475533,pullback,눌림목,138020.0,125375.0,9.161715693377772,3,77343387800.0,35997592900.0,2026-02-26 17:13,1,,0
41,052690,한전기술,KOSPI,6501222000000,원자력발전소 설계 등,170100.0,156492.0,25.0,10.0,12.0,9,7.0,63.0,8.0,100.0,56.22317069997549,-,147490.0,122520.0,169818.24119775993,True,False,"{""trend_ma20"": 5, ""trend_ma50"": 5, ""trend_ma200"": 5, ""trend_align_20_50"": 3, ""trend_align_50_200"": 2, ""trend_adx"": 5, ""pat_door_knock"": 10, ""vol_explosion"": 5, ""vol_dryup"": 7, ""risk_deduction"": -3}",oneil,오닐,170100.0,159365.0,6.310993533215756,pullback,눌림목,147490.0,134608.0,8.734151467896128,breakout,Squeeze돌파,170100.0,153997.5,9.466490299823633,1,15390104500.0,20670260000.0,2026-02-26 17:12,1,,0
42,005380,현대차,KOSPI,124697479494000,"자동차(승용차,버스,트럭,특장차),자동차부품,자동차전착도료 제조,차량정비사업",609000.0,560280.0,22.0,10.0,15.0,9,7.0,63.0,8.0,89.07563025210084,20.523918829964092,-,508050.0,419250.0,606486.7790023937,True,False,"{""trend_ma20"": 5, ""trend_ma50"": 5, ""trend_ma200"": 5, ""trend_align_20_50"": 3, ""trend_align_50_200"": 2, ""trend_adx"": 2, ""pat_door_knock"": 10, ""vol_explosion"": 5, ""vol_dryup"": 7, ""vol_today"": 3, ""risk_deduction"": -3}",breakout,Squeeze돌파,609000.0,565837.5,7.08743842364532,oneil,오닐,609000.0,580225.0,4.72495894909688,pullback,눌림목,508050.0,473520.0,6.796575140242102,1,477502116000.0,266852045000.0,2026-02-26 17:12,1,,0
43,000670,영풍,KOSPI,1194952495000,"제1차 금속산업(아연괴,황산,카드뮴괴),건전지 제조,무역",66100.0,60812.0,22.0,5.0,20.0,8,7.0,62.0,8.0,57.983193277310924,22.319977546698073,B,60890.0,55760.46,71869.1672566489,False,False,"{""trend_ma20"": 5, ""trend_ma50"": 5, ""trend_ma200"": 5, ""trend_align_20_50"": 3, ""trend_align_50_200"": 2, ""trend_adx"": 2, ""pat_setup_b"": 5, ""vol_explosion"": 5, ""vol_dryup"": 7, ""vol_today"": 8, ""risk_deduction"": -3}",oneil,오닐,66100.0,62525.0,5.408472012102875,pullback,눌림목,60890.0,56600.0,7.045491870586303,breakout,Squeeze돌파,71869.1672566489,66506.6672566489,7.461475072961686,4,6241257400.0,-6146152200.0,2026-02-26 17:12,1,,0
44,214370,케어젠,KOSDAQ,7498614000000,"성장인자, 바이오미메틱펩타이드 기반 안면, 두피, 바디 코스메슈티컬 제품",139600.0,128432.0,24.0,10.0,12.0,9,7.0,62.0,8.0,100.0,39.81366386132928,-,124390.0,92716.0,142169.5652294513,True,False,"{""trend_ma20"": 5, ""trend_ma50"": 5, ""trend_ma200"": 5, ""trend_align_20_50"": 3, ""trend_align_50_200"": 2, ""trend_adx"": 4, ""pat_door_knock"": 10, ""vol_explosion"": 5, ""vol_dryup"": 7, ""risk_deduction"": -3}",breakout,Squeeze돌파,142169.5652294513,124889.56522945131,12.15450013658784,oneil,오닐,139600.0,132460.0,5.114613180515759,pullback,눌림목,124390.0,110566.0,11.113433555752069,1,97864500.0,17641527900.0,2026-02-26 17:12,1,,0
45,389470,인벤티지랩,KOSDAQ,1089656445600,마이크로/나노 입자 기반 약물전달 플랫폼 및 관련 제품,82800.0,76176.0,17.0,10.0,20.0,8,7.0,62.0,8.0,0.0,16.999521226662186,-,75355.0,79620.0,95348.62889923656,False,True,"{""trend_ma20"": 5, ""trend_ma50"": 5, ""trend_ma200"": 5, ""trend_align_50_200"": 2, ""pat_squeeze"": 10, ""vol_explosion"": 5, ""vol_dryup"": 7, ""vol_today"": 8, ""risk_deduction"": -3}",oneil,Pocket Pivot,82800.0,76510.0,7.596618357487922,breakout,Squeeze돌파,95348.62889923656,85913.62889923656,9.89526552077724,pullback,눌림목,75355.0,67807.0,10.01658814942605,3,10272226700.0,-1811143800.0,2026-02-26 17:12,1,,0
46,458870,씨어스테크놀로지,KOSDAQ,1787155668000,심전도검사솔루션 입원환자모니터링솔루션,141100.0,129812.0,19.0,15.0,15.0,6,7.0,62.0,8.0,8.403361344537815,34.27198296917259,B,158320.0,138344.0,174838.6971803981,False,True,"{""trend_ma50"": 5, ""trend_ma200"": 5, ""trend_align_20_50"": 3, ""trend_align_50_200"": 2, ""trend_adx"": 4, ""pat_squeeze"": 10, ""pat_setup_b"": 5, ""vol_dryup"": 7, ""vol_today"": 8, ""risk_deduction"": -3}",oneil,오닐,141100.0,132634.0,6.0,pullback,눌림목,158320.0,145966.0,7.803183425972714,breakout,Squeeze돌파,174838.6971803981,159396.1971803981,8.832426830581145,1,-1954210800.0,327950700.0,2026-02-26 17:12,1,,0
47,007070,GS리테일,KOSPI,1876986466750,"체인화 편의점,슈퍼마켓,마트,전자상거래/부동산(빌딩) 임대",22450.0,20950.0,22.0,10.0,13.0,9,8.0,62.0,6.6815144766147,52.10084033613445,20.81731349215082,-,22150.0,21445.2,23531.221529731796,True,False,"{""trend_ma20"": 5, ""trend_ma50"": 5, ""trend_ma200"": 5, ""trend_align_20_50"": 3, ""trend_align_50_200"": 2, ""trend_adx"": 2, ""pat_door_knock"": 10, ""vol_explosion"": 5, ""vol_dryup"": 3, ""vol_today"": 5, ""risk_deduction"": -2}",pullback,눌림목,22150.0,20848.0,5.878103837471784,oneil,오닐,22450.0,21103.0,6.0,breakout,Squeeze돌파,23531.221529731796,21903.721529731796,6.9163430293818235,1,2748152000.0,1738279800.0,2026-02-26 17:12,1,,0
48,126340,비나텍,KOSDAQ,841040129200,초고용량 커패시터(슈퍼커패시터),124900.0,114908.0,25.0,10.0,12.0,7,7.0,61.0,8.0,63.02521008403362,53.032896371854406,-,110950.0,92083.18,125492.18359814951,True,False,"{""trend_ma20"": 5, ""trend_ma50"": 5, ""trend_ma200"": 5, ""trend_align_20_50"": 3, ""trend_align_50_200"": 2, ""trend_adx"": 5, ""pat_door_knock"": 10, ""vol_explosion"": 5, ""vol_dryup"": 7, ""risk_deduction"": -3}",breakout,Squeeze돌파,125492.18359814951,111009.68359814951,11.540559407568995,oneil,오닐,124900.0,116920.0,6.389111289031225,pullback,눌림목,110950.0,99364.0,10.442541685443894,0,847481700.0,2364775200.0,2026-02-26 17:12,1,,0
49,185750,종근당,KOSPI,1280897984000,"딜라트렌,리피로우",92800.0,89000.0,24.0,10.0,10.0,7,10.0,61.0,4.094827586206897,100.0,34.921630025871174,-,90690.0,86998.0,94878.65492698067,True,False,"{""trend_ma20"": 5, ""trend_ma50"": 5, ""trend_ma200"": 5, ""trend_align_20_50"": 3, ""trend_align_50_200"": 2, ""trend_adx"": 4, ""pat_door_knock"": 10, ""vol_explosion"": 5, ""vol_dryup"": 5, ""risk_safe"": 10}",pullback,눌림목,90690.0,87438.0,3.585841878928217,breakout,Squeeze돌파,94878.65492698067,90813.65492698067,4.284419928938131,oneil,오닐,92800.0,87232.0,6.0,0,501989300.0,2269701200.0,2026-02-26 17:12,1,,0
50,000250,삼천당제약,KOSDAQ,17757306304000,"하메론, 아토로우",757000.0,696440.0,25.0,5.0,20.0,4,7.0,61.0,8.0,100.0,54.692654784910914,B,541000.0,370100.0,642782.1934226779,False,False,"{""trend_ma20"": 5, ""trend_ma50"": 5, ""trend_ma200"": 5, ""trend_align_20_50"": 3, ""trend_align_50_200"": 2, ""trend_adx"": 5, ""pat_setup_b"": 5, ""vol_explosion"": 5, ""vol_dryup"": 7, ""vol_today"": 8, ""risk_deduction"": -3}",oneil,Oops Reversal,757000.0,699575.0,7.585865257595772,breakout,Squeeze돌파,757000.0,670862.5,11.37879788639366,pullback,눌림목,541000.0,472090.0,12.737523105360443,0,-5603916000.0,42323770000.0,2026-02-26 17:12,1,,0
51,181710,NHN,KOSPI,1274097107100,한게임,38900.0,35788.0,25.0,10.0,10.0,9,7.0,61.0,8.0,100.0,43.18309559656313,-,34975.0,32363.0,38781.61448839966,True,False,"{""trend_ma20"": 5, ""trend_ma50"": 5, ""trend_ma200"": 5, ""trend_align_20_50"": 3, ""trend_align_50_200"": 2, ""trend_adx"": 5, ""pat_door_knock"": 10, ""vol_explosion"": 5, ""vol_dryup"": 5, ""risk_deduction"": -3}",oneil,Inside Day,38900.0,38065.0,2.146529562982005,breakout,Squeeze돌파,38900.0,36068.75,7.27827763496144,pullback,눌림목,34975.0,32710.0,6.476054324517512,1,7493400300.0,4398261450.0,2026-02-26 17:13,1,,0
52,068270,셀트리온,KOSPI,55913679162000,"램시마, 트룩시마, 허쥬마",242000.0,225000.0,25.0,10.0,12.0,7,7.0,61.0,7.024793388429752,100.0,45.70386083827655,-,227750.0,210594.0,247375.6704984429,True,False,"{""trend_ma20"": 5, ""trend_ma50"": 5, ""trend_ma200"": 5, ""trend_align_20_50"": 3, ""trend_align_50_200"": 2, ""trend_adx"": 5, ""pat_door_knock"": 10, ""vol_explosion"": 5, ""vol_dryup"": 7, ""risk_deduction"": -3}",breakout,Squeeze돌파,247375.6704984429,234663.1704984429,5.138945141365476,oneil,오닐,242000.0,240800.0,0.49586776859504134,pullback,눌림목,227750.0,217580.0,4.465422612513721,0,87853776000.0,58401553000.0,2026-02-26 17:12,1,,0
53,001440,대한전선,KOSPI,6590912055000,"전력선,통신케이블,적산계기,스텐레스압연제품,광케이블,초고압선,알루미늄 제조,도매/전기공사",35350.0,32522.0,25.0,5.0,20.0,4,7.0,61.0,8.0,68.90756302521008,42.29826488009916,B,31227.5,27430.0,34388.80381841972,False,False,"{""trend_ma20"": 5, ""trend_ma50"": 5, ""trend_ma200"": 5, ""trend_align_20_50"": 3, ""trend_align_50_200"": 2, ""trend_adx"": 5, ""pat_setup_b"": 5, ""vol_explosion"": 5, ""vol_dryup"": 7, ""vol_today"": 8, ""risk_deduction"": -3}",breakout,Squeeze돌파,35350.0,31838.125,9.934582743988685,oneil,오닐,35350.0,33008.75,6.623055162659123,pullback,눌림목,31227.5,28418.0,8.996877751981426,0,-21488114550.0,20000178750.0,2026-02-26 17:12,1,,0
54,448900,한국피아이엠,KOSDAQ,750557125000,"내연기관 부품(터보차저, DCT변속기), IT 부품(스마트워치/스마트링), 자율주행 부품(카메라 모듈 케이스)",125000.0,115000.0,22.0,5.0,20.0,7,7.0,61.0,8.0,29.41176470588235,22.944131409319002,B,77245.0,67630.0,95494.50485582693,False,False,"{""trend_ma20"": 5, ""trend_ma50"": 5, ""trend_ma200"": 5, ""trend_align_20_50"": 3, ""trend_align_50_200"": 2, ""trend_adx"": 2, ""pat_setup_b"": 5, ""vol_explosion"": 5, ""vol_dryup"": 7, ""vol_today"": 8, ""risk_deduction"": -3}",oneil,Pocket Pivot,125000.0,115622.5,7.502000000000001,breakout,Squeeze돌파,125000.0,110933.75,11.253,pullback,눌림목,77245.0,65992.0,14.567933199559842,0,2190872400.0,22853675600.0,2026-02-26 17:12,1,,0
55,083650,비에이치아이,KOSDAQ,2692160625000,"보일러,열교환기등",87000.0,80040.0,24.0,10.0,12.0,7,7.0,60.0,8.0,100.0,32.93997892287253,-,78330.0,65678.0,87603.2850855882,True,False,"{""trend_ma20"": 5, ""trend_ma50"": 5, ""trend_ma200"": 5, ""trend_align_20_50"": 3, ""trend_align_50_200"": 2, ""trend_adx"": 4, ""pat_door_knock"": 10, ""vol_explosion"": 5, ""vol_dryup"": 7, ""risk_deduction"": -3}",oneil,오닐,87000.0,82370.0,5.32183908045977,pullback,눌림목,78330.0,71724.0,8.43355036384527,breakout,Squeeze돌파,87603.2850855882,79345.7850855882,9.426016378189976,0,35873341200.0,20186925200.0,2026-02-26 17:12,1,,0
56,042700,한미반도체,KOSPI,26258511100000,"반도체 후공정장비,반도체금형 제조/부동산 매매,임대",275500.0,253460.0,25.0,0.0,20.0,8,7.0,60.0,8.0,88.23529411764706,42.43848286523054,-,202545.0,172050.0,237063.91953802237,False,False,"{""trend_ma20"": 5, ""trend_ma50"": 5, ""trend_ma200"": 5, ""trend_align_20_50"": 3, ""trend_align_50_200"": 2, ""trend_adx"": 5, ""vol_explosion"": 5, ""vol_dryup"": 7, ""vol_today"": 8, ""risk_deduction"": -3}",oneil,Pocket Pivot,275500.0,259055.0,5.969147005444646,breakout,Squeeze돌파,275500.0,250832.5,8.953720508166969,pullback,눌림목,202545.0,187500.0,7.427978967636821,3,104549620500.0,-27523152000.0,2026-02-26 17:13,1,,0
57,005490,POSCO홀딩스,KOSPI,32980177940000,"열연코일,냉연강판,후판,선재,스테인리스 제조",407500.0,363000.0,25.0,10.0,15.0,9,1.0,60.0,10.920245398773005,100.0,42.37689467596289,-,374350.0,343290.0,402663.0131468163,True,False,"{""trend_ma20"": 5, ""trend_ma50"": 5, ""trend_ma200"": 5, ""trend_align_20_50"": 3, ""trend_align_50_200"": 2, ""trend_adx"": 5, ""pat_door_knock"": 10, ""vol_explosion"": 5, ""vol_dryup"": 7, ""vol_today"": 3, ""risk_deduction"": -9}",breakout,Squeeze돌파,407500.0,383875.0,5.7975460122699385,oneil,오닐,407500.0,391750.0,3.8650306748466257,pullback,눌림목,374350.0,355450.0,5.0487511686924,2,40430299500.0,70095209000.0,2026-02-26 17:13,1,,0
58,017960,한국카본,KOSPI,2102292306000,"탄소섬유(카본프리프레그(낚시대,테니스라켓,골프 Shaft,스포츠레저용품)),합성수지,글라스페이퍼,LNG선박용 단열판넬 제조,도매",40500.0,37260.0,22.0,10.0,15.0,6,7.0,60.0,8.0,73.94957983193277,24.09317478541191,-,35992.5,34322.0,40855.17011101024,True,False,"{""trend_ma20"": 5, ""trend_ma50"": 5, ""trend_ma200"": 5, ""trend_align_20_50"": 3, ""trend_align_50_200"": 2, ""trend_adx"": 2, ""pat_door_knock"": 10, ""vol_explosion"": 5, ""vol_dryup"": 5, ""vol_today"": 5, ""risk_deduction"": -3}",breakout,Squeeze돌파,40855.17011101024,37528.92011101024,8.141564435938047,oneil,오닐,40500.0,38282.5,5.4753086419753085,pullback,눌림목,35992.5,33331.5,7.393206918107939,1,-4590787550.0,27324350500.0,2026-02-26 17:12,1,,0
59,012750,에스원,KOSPI,3419926020000,"부가통신 서비스(경비),안전관리용역,CCTV카메라",90000.0,89000.0,25.0,10.0,11.0,4,10.0,60.0,1.1111111111111112,100.0,72.45040584196434,-,86845.0,80144.0,92595.1218711519,True,False,"{""trend_ma20"": 5, ""trend_ma50"": 5, ""trend_ma200"": 5, ""trend_align_20_50"": 3, ""trend_align_50_200"": 2, ""trend_adx"": 5, ""pat_door_knock"": 10, ""vol_explosion"": 5, ""vol_dryup"": 3, ""vol_today"": 3, ""risk_safe"": 10}",breakout,Squeeze돌파,92595.1218711519,87810.1218711519,5.167658839154,pullback,눌림목,86845.0,82502.75,5.0,oneil,오닐,90000.0,84600.0,6.0,0,-2523247900.0,3719956300.0,2026-02-26 17:12,1,,0
60,090460,비에이치,KOSPI,679287490700,FPCB (연성인쇄회로기판),20150.0,19630.0,24.0,10.0,12.0,4,10.0,60.0,2.5806451612903225,72.26890756302521,38.83451614252912,-,19279.0,17859.2,20913.610440399458,True,False,"{""trend_ma20"": 5, ""trend_ma50"": 5, ""trend_ma200"": 5, ""trend_align_20_50"": 3, ""trend_align_50_200"": 2, ""trend_adx"": 4, ""pat_door_knock"": 10, ""vol_explosion"": 5, ""vol_dryup"": 7, ""risk_safe"": 10}",pullback,눌림목,19279.0,17950.6,6.890398879609946,oneil,오닐,20150.0,18941.0,6.0,breakout,Squeeze돌파,20913.610440399458,19253.110440399458,7.9398055382745465,0,-4097995800.0,55902900.0,2026-02-26 17:12,1,,0
61,045100,한양이엔지,KOSDAQ,612900000000,반도체배관설비,34050.0,31326.0,24.0,5.0,20.0,3,7.0,59.0,8.0,100.0,30.3488603242537,B,29820.0,25639.0,32643.594551530514,False,False,"{""trend_ma20"": 5, ""trend_ma50"": 5, ""trend_ma200"": 5, ""trend_align_20_50"": 3, ""trend_align_50_200"": 2, ""trend_adx"": 4, ""pat_setup_b"": 5, ""vol_explosion"": 5, ""vol_dryup"": 7, ""vol_today"": 8, ""risk_deduction"": -3}",breakout,Squeeze돌파,34050.0,30588.75,10.165198237885463,oneil,오닐,34050.0,31742.5,6.776798825256974,pullback,눌림목,29820.0,27051.0,9.285714285714286,0,244278900.0,-906192150.0,2026-02-26 17:12,1,,0
62,137400,피엔티,KOSDAQ GLOBAL,1286406530400,2차전지 및 전자소재용 Roll-to-Roll 장비,54300.0,49600.0,25.0,10.0,12.0,7,5.0,59.0,8.655616942909761,100.0,43.066252463556815,-,52230.0,44500.0,56551.04009456894,True,False,"{""trend_ma20"": 5, ""trend_ma50"": 5, ""trend_ma200"": 5, ""trend_align_20_50"": 3, ""trend_align_50_200"": 2, ""trend_adx"": 5, ""pat_door_knock"": 10, ""vol_explosion"": 5, ""vol_dryup"": 7, ""risk_deduction"": -5}",pullback,눌림목,52230.0,47955.0,8.184951177484205,oneil,오닐,54300.0,52690.0,2.9650092081031305,breakout,Squeeze돌파,56551.04009456894,51207.29009456894,9.449428323623714,0,5772660500.0,6938825800.0,2026-02-26 17:13,1,,0
63,456040,OCI,KOSPI,795876805500,"폴리실리콘,타르제품,카본블랙,무수프탈산,농약원제,석탄화학제품,정밀화학제품,플라스틱창호재 제조,판매",88900.0,81788.0,24.0,10.0,10.0,8,7.0,59.0,8.0,100.0,36.223590971092975,-,79215.0,69618.0,87676.82907915088,True,False,"{""trend_ma20"": 5, ""trend_ma50"": 5, ""trend_ma200"": 5, ""trend_align_20_50"": 3, ""trend_align_50_200"": 2, ""trend_adx"": 4, ""pat_door_knock"": 10, ""vol_explosion"": 5, ""vol_dryup"": 5, ""risk_deduction"": -3}",oneil,Inside Day,88900.0,85150.0,4.21822272215973,pullback,눌림목,79215.0,73587.0,7.104715016095437,breakout,Squeeze돌파,88900.0,81865.0,7.913385826771653,4,4468267400.0,-687615000.0,2026-02-26 17:13,1,,0
64,060370,LS마린솔루션,KOSDAQ,1708210525800,해저케이블등의 건설 및 유지보수 업무,32700.0,28350.0,20.0,20.0,12.0,7,0.0,59.0,13.302752293577983,0.0,14.886467775492175,R,30590.0,30277.0,33640.666834600284,True,True,"{""trend_ma20"": 5, ""trend_ma50"": 5, ""trend_ma200"": 5, ""trend_align_20_50"": 3, ""trend_align_50_200"": 2, ""pat_door_knock"": 10, ""pat_squeeze"": 10, ""vol_explosion"": 5, ""vol_dryup"": 7, ""risk_deduction"": -10}",breakout,Squeeze돌파,33640.666834600284,31107.541834600284,7.529948833816268,pullback,눌림목,30590.0,29450.0,3.7267080745341614,oneil,오닐,32700.0,31011.25,5.164373088685015,0,4791978100.0,14270551500.0,2026-02-26 17:13,1,,0
65,068760,셀트리온제약,KOSDAQ,3184549165800,고덱스 캡슐 외,72900.0,69600.0,20.0,10.0,12.0,7,10.0,59.0,4.526748971193416,100.0,18.481170794327358,-,72360.0,66205.38,76092.86223016771,True,False,"{""trend_ma20"": 5, ""trend_ma50"": 5, ""trend_ma200"": 5, ""trend_align_20_50"": 3, ""trend_align_50_200"": 2, ""pat_door_knock"": 10, ""vol_explosion"": 5, ""vol_dryup"": 7, ""risk_safe"": 10}",pullback,눌림목,72360.0,68190.0,5.76285240464345,oneil,오닐,72900.0,68526.0,6.0,breakout,Squeeze돌파,76092.86223016771,70880.36223016771,6.850182589049012,0,4075233300.0,6591105800.0,2026-02-26 17:13,1,,0
66,039440,에스티아이,KOSDAQ,632687517600,"Chemical 중앙공급시스템(C.C.S.S), 세정·식각시스템",40800.0,37536.0,24.0,5.0,20.0,3,7.0,59.0,8.0,44.53781512605042,35.70972810767961,B,35320.0,32566.0,38445.622983911286,False,False,"{""trend_ma20"": 5, ""trend_ma50"": 5, ""trend_ma200"": 5, ""trend_align_20_50"": 3, ""trend_align_50_200"": 2, ""trend_adx"": 4, ""pat_setup_b"": 5, ""vol_explosion"": 5, ""vol_dryup"": 7, ""vol_today"": 8, ""risk_deduction"": -3}",oneil,Pocket Pivot,40800.0,38062.5,6.709558823529411,breakout,Squeeze돌파,40800.0,36693.75,10.064338235294118,pullback,눌림목,35320.0,32035.0,9.300679501698754,0,2659740450.0,-5729950450.0,2026-02-26 17:12,1,,0
67,285130,SK케미칼,KOSPI,1181505717800,"PETG 수지, PET 수지, 바이오디젤, 백신",68300.0,62500.0,19.0,10.0,16.0,9,5.0,59.0,8.49194729136164,2.5210084033613445,21.354566477542146,-,65890.0,67382.0,73315.46253365497,False,True,"{""trend_ma20"": 5, ""trend_ma50"": 5, ""trend_ma200"": 5, ""trend_align_50_200"": 2, ""trend_adx"": 2, ""pat_squeeze"": 10, ""vol_explosion"": 5, ""vol_dryup"": 3, ""vol_today"": 8, ""risk_deduction"": -5}",pullback,눌림목,65890.0,62595.5,5.0,oneil,오닐,68300.0,65935.0,3.462664714494876,breakout,Squeeze돌파,73315.46253365497,69767.96253365497,4.838679150897458,1,3142584700.0,440018300.0,2026-02-26 17:13,1,,0
68,232140,와이씨,KOSDAQ,1821406770000,메모리 웨이퍼 테스터,22200.0,20000.0,25.0,10.0,13.0,7,3.0,58.0,9.90990990990991,100.0,42.29886868940876,-,20258.0,16951.6,22281.83220546341,True,False,"{""trend_ma20"": 5, ""trend_ma50"": 5, ""trend_ma200"": 5, ""trend_align_20_50"": 3, ""trend_align_50_200"": 2, ""trend_adx"": 5, ""pat_door_knock"": 10, ""vol_explosion"": 5, ""vol_dryup"": 5, ""vol_today"": 3, ""risk_deduction"": -7}",breakout,Squeeze돌파,22281.83220546341,19583.33220546341,12.110763491605233,oneil,오닐,22200.0,21345.0,3.8513513513513518,pullback,눌림목,20258.0,18099.2,10.65653075328265,0,9173503400.0,6989008000.0,2026-02-26 17:13,1,,0
69,031980,피에스케이홀딩스,KOSDAQ,1927678113000,"Descum, Reflow",89400.0,82248.0,20.0,10.0,17.0,4,7.0,58.0,8.0,100.0,15.618919352283239,-,77220.0,61192.0,88098.60044719215,True,False,"{""trend_ma20"": 5, ""trend_ma50"": 5, ""trend_ma200"": 5, ""trend_align_20_50"": 3, ""trend_align_50_200"": 2, ""pat_door_knock"": 10, ""vol_explosion"": 5, ""vol_dryup"": 7, ""vol_today"": 5, ""risk_deduction"": -3}",breakout,Squeeze돌파,89400.0,78945.0,11.694630872483222,oneil,오닐,89400.0,82430.0,7.796420581655481,pullback,눌림목,77220.0,70500.0,8.702408702408702,0,-40132400.0,15164557600.0,2026-02-26 17:12,1,,0
70,016590,신대양제지,KOSPI,628243013800,"골판지용 골심지,라이너지 제조,수출입",15590.0,14342.800000000001,25.0,10.0,10.0,6,7.0,58.0,8.0,43.69747899159664,46.82177731122709,-,13585.0,13245.2,15715.224056798412,True,False,"{""trend_ma20"": 5, ""trend_ma50"": 5, ""trend_ma200"": 5, ""trend_align_20_50"": 3, ""trend_align_50_200"": 2, ""trend_adx"": 5, ""pat_door_knock"": 10, ""vol_explosion"": 5, ""vol_dryup"": 5, ""risk_deduction"": -3}",oneil,오닐,15590.0,15230.0,2.3091725465041693,pullback,눌림목,13585.0,12880.0,5.189547294810453,breakout,Squeeze돌파,15715.224056798412,13848.474056798412,11.878608877946244,1,-241490010.0,15988730.0,2026-02-26 17:13,1,,0
71,420770,기가비스,KOSDAQ,894908514800,반도체 기판용 광학검사 및 수리장비,70600.0,64952.0,25.0,10.0,12.0,4,7.0,58.0,8.0,100.0,52.479414692598766,-,59415.0,46048.0,69425.84379243663,True,False,"{""trend_ma20"": 5, ""trend_ma50"": 5, ""trend_ma200"": 5, ""trend_align_20_50"": 3, ""trend_align_50_200"": 2, ""trend_adx"": 5, ""pat_door_knock"": 10, ""vol_explosion"": 5, ""vol_dryup"": 7, ""risk_deduction"": -3}",breakout,Squeeze돌파,70600.0,63167.5,10.527620396600566,oneil,오닐,70600.0,65645.0,7.018413597733711,pullback,눌림목,59415.0,53469.0,10.00757384498864,0,-1969726200.0,9027677700.0,2026-02-26 17:12,1,,0
72,214320,이노션,KOSPI,800000000000,광고대행 및 광고물의 제작 등,20000.0,19540.0,24.0,10.0,8.0,5,10.0,57.0,2.3,70.58823529411765,33.726197583657004,-,19658.0,19016.0,20311.34571468965,True,False,"{""trend_ma20"": 5, ""trend_ma50"": 5, ""trend_ma200"": 5, ""trend_align_20_50"": 3, ""trend_align_50_200"": 2, ""trend_adx"": 4, ""pat_door_knock"": 10, ""vol_explosion"": 5, ""vol_dryup"": 3, ""risk_safe"": 10}",pullback,눌림목,19658.0,19540.0,0.6002645233492725,breakout,Squeeze돌파,20311.34571468965,19670.09571468965,3.1571024835456014,oneil,오닐,20000.0,18800.0,6.0,1,1516773450.0,-834988450.0,2026-02-26 17:13,1,,0
73,187660,현대ADM,KOSDAQ,1035554943510,임상 CRO 서비스,18670.0,17176.4,25.0,5.0,20.0,0,7.0,57.0,8.0,100.0,75.16191789510114,B,6646.25,4168.5,10801.298277671533,False,False,"{""trend_ma20"": 5, ""trend_ma50"": 5, ""trend_ma200"": 5, ""trend_align_20_50"": 3, ""trend_align_50_200"": 2, ""trend_adx"": 5, ""pat_setup_b"": 5, ""vol_explosion"": 5, ""vol_dryup"": 7, ""vol_today"": 8, ""risk_deduction"": -3}",oneil,Pocket Pivot,18670.0,16581.25,11.187734333154793,breakout,Squeeze돌파,18670.0,15536.875,16.78160149973219,pullback,눌림목,6646.25,4139.75,37.712996050404364,0,-1248492600.0,0.0,2026-02-26 17:12,1,,0
74,048410,현대바이오,KOSDAQ,1613488128000,화장품 및 화장품원료,16800.0,15456.0,25.0,5.0,16.0,4,7.0,57.0,8.0,100.0,57.73175883154871,B,12333.0,8128.6,15333.150687725227,False,False,"{""trend_ma20"": 5, ""trend_ma50"": 5, ""trend_ma200"": 5, ""trend_align_20_50"": 3, ""trend_align_50_200"": 2, ""trend_adx"": 5, ""pat_setup_b"": 5, ""vol_explosion"": 5, ""vol_dryup"": 3, ""vol_today"": 8, ""risk_deduction"": -3}",breakout,Squeeze돌파,16800.0,13461.0,19.875,oneil,오닐,16800.0,14683.0,12.601190476190476,pullback,눌림목,12333.0,9661.8,21.65896375577719,0,-9163941870.0,4578177700.0,2026-02-26 17:13,1,,0
75,089860,롯데렌탈,KOSPI,1241781069600,"렌터카, 카셰어링(그린카), 중고차매매, 일반렌탈(측정기,OA, 리프트 등)",34200.0,32400.0,25.0,10.0,7.0,6,9.0,57.0,5.263157894736842,47.89915966386555,55.70572722468694,-,32615.0,31599.0,34450.83920187179,True,False,"{""trend_ma20"": 5, ""trend_ma50"": 5, ""trend_ma200"": 5, ""trend_align_20_50"": 3, ""trend_align_50_200"": 2, ""trend_adx"": 5, ""pat_door_knock"": 10, ""vol_dryup"": 7, ""risk_deduction"": -1}",pullback,눌림목,32615.0,31310.0,4.001226429556953,breakout,Squeeze돌파,34450.83920187179,32819.58920187179,4.7350080224210345,oneil,오닐,34200.0,33865.0,0.97953216374269,1,-628637900.0,1891796150.0,2026-02-26 17:13,1,,0
76,003240,태광산업,KOSPI,1748038000000,"석유화학제품(PTA,AN),화섬사,직물 등",1570000.0,1444400.0,23.0,5.0,16.0,6,7.0,57.0,8.0,100.0,58.22426118601443,B,1034300.0,873700.0,1207003.4770703376,False,False,"{""trend_ma20"": 5, ""trend_ma50"": 5, ""trend_ma200"": 5, ""trend_align_20_50"": 3, ""trend_adx"": 5, ""pat_setup_b"": 5, ""vol_explosion"": 5, ""vol_dryup"": 3, ""vol_today"": 8, ""risk_deduction"": -3}",breakout,Squeeze돌파,1570000.0,1435825.0,8.546178343949045,pullback,눌림목,1034300.0,982585.0,5.0,oneil,오닐,1570000.0,1480550.0,5.697452229299363,1,-2532128000.0,734215000.0,2026-02-26 17:13,1,,0
77,178320,서진시스템,KOSDAQ,2268492187300,"통신장비부품,휴대폰부품(메탈케이스 등)",39100.0,34200.0,25.0,10.0,18.0,4,0.0,57.0,12.531969309462914,100.0,46.2332717827726,-,36505.0,30866.0,39942.13163267121,True,False,"{""trend_ma20"": 5, ""trend_ma50"": 5, ""trend_ma200"": 5, ""trend_align_20_50"": 3, ""trend_align_50_200"": 2, ""trend_adx"": 5, ""pat_door_knock"": 10, ""vol_explosion"": 5, ""vol_dryup"": 5, ""vol_today"": 8, ""risk_deduction"": -10}",breakout,Squeeze돌파,39942.13163267121,35273.38163267121,11.688785272995124,oneil,오닐,39100.0,37110.0,5.089514066496164,pullback,눌림목,36505.0,34200.0,6.314203533762498,0,-12448457700.0,18930755800.0,2026-02-26 17:12,1,,0
78,057050,현대홈쇼핑,KOSPI,1027200000000,TV홈쇼핑 도소매/홈쇼핑프로그램 제작,85600.0,78752.0,25.0,5.0,16.0,4,7.0,57.0,8.0,100.0,86.59958416021176,B,69540.0,60362.0,80423.09386379254,False,False,"{""trend_ma20"": 5, ""trend_ma50"": 5, ""trend_ma200"": 5, ""trend_align_20_50"": 3, ""trend_align_50_200"": 2, ""trend_adx"": 5, ""pat_setup_b"": 5, ""vol_explosion"": 5, ""vol_dryup"": 3, ""vol_today"": 8, ""risk_deduction"": -3}",breakout,Squeeze돌파,85600.0,79345.0,7.307242990654206,oneil,오닐,85600.0,81430.0,4.871495327102804,pullback,눌림목,69540.0,66063.0,5.0,0,-673789900.0,10085923900.0,2026-02-26 17:13,1,,0
79,046890,서울반도체,KOSDAQ GLOBAL,770214334000,"Display, Chip LED, Lamp",13210.0,12153.2,25.0,0.0,20.0,4,7.0,56.0,8.0,100.0,47.83952724152923,-,8016.5,6943.6,9425.644381072354,False,False,"{""trend_ma20"": 5, ""trend_ma50"": 5, ""trend_ma200"": 5, ""trend_align_20_50"": 3, ""trend_align_50_200"": 2, ""trend_adx"": 5, ""vol_explosion"": 5, ""vol_dryup"": 7, ""vol_today"": 8, ""risk_deduction"": -3}",breakout,Squeeze돌파,13210.0,12195.25,7.681680545041634,pullback,눌림목,8016.5,7615.674999999999,5.000000000000009,oneil,오닐,13210.0,12533.5,5.12112036336109,0,-1259297410.0,898833660.0,2026-02-26 17:13,1,,0
80,079900,전진건설로봇,KOSPI,860960155000,콘크리트 펌프카,59000.0,55900.0,25.0,10.0,12.0,0,9.0,56.0,5.2542372881355925,100.0,51.05095263546508,-,57725.0,52385.0,61961.03071386509,True,False,"{""trend_ma20"": 5, ""trend_ma50"": 5, ""trend_ma200"": 5, ""trend_align_20_50"": 3, ""trend_align_50_200"": 2, ""trend_adx"": 5, ""pat_door_knock"": 10, ""vol_explosion"": 5, ""vol_dryup"": 7, ""risk_deduction"": -1}",pullback,눌림목,57725.0,54838.75,5.0,oneil,오닐,59000.0,55460.0,6.0,breakout,Squeeze돌파,61961.03071386509,55376.03071386509,10.627647610333355,0,-1130291500.0,-370178100.0,2026-02-26 17:12,1,,0
81,259960,크래프톤,KOSPI,12040766114000,<배틀그라운드> 등 게임 소프트웨어,254000.0,239000.0,10.0,20.0,13.0,4,9.0,56.0,5.905511811023622,6.722689075630252,20.342582790773893,R,254100.0,246350.0,266013.1384522277,True,True,"{""trend_ma50"": 5, ""trend_align_20_50"": 3, ""trend_adx"": 2, ""pat_door_knock"": 10, ""pat_squeeze"": 10, ""vol_explosion"": 5, ""vol_dryup"": 3, ""vol_today"": 5, ""risk_deduction"": -1}",pullback,눌림목,254100.0,241035.0,5.141676505312869,oneil,오닐,254000.0,238760.0,6.0,breakout,Squeeze돌파,266013.1384522277,249681.8884522277,6.139264434464341,0,-19023080000.0,12758554500.0,2026-02-26 17:13,1,,0
82,064960,SNT모티브,KOSPI,983317077600,"자동차부품(서스펜션모듈,전장품,속옵서버,에어백,트로틀바디,너클),방산품(총포) 제조,도매",37050.0,34100.0,22.0,10.0,15.0,2,7.0,56.0,7.96221322537112,42.016806722689076,24.91424290821834,-,35410.0,35329.0,38695.38868003336,True,False,"{""trend_ma20"": 5, ""trend_ma50"": 5, ""trend_ma200"": 5, ""trend_align_20_50"": 3, ""trend_align_50_200"": 2, ""trend_adx"": 2, ""pat_door_knock"": 10, ""vol_explosion"": 5, ""vol_dryup"": 7, ""vol_today"": 3, ""risk_deduction"": -3}",pullback,눌림목,35410.0,35100.0,0.875458909912454,oneil,Inside Day,37050.0,35822.5,3.3130904183535765,breakout,Squeeze돌파,38695.38868003336,36854.13868003336,4.758318918114593,1,-248279800.0,-736309350.0,2026-02-26 17:12,1,,0
83,009420,한올바이오파마,KOSPI,3191902981800,"의약품 제조,도매/부동산 임대",61100.0,56212.0,23.0,10.0,12.0,4,7.0,56.0,8.0,55.46218487394958,29.30427047647101,-,54522.5,49755.0,60093.66971421678,True,False,"{""trend_ma20"": 5, ""trend_ma50"": 5, ""trend_ma200"": 5, ""trend_align_20_50"": 3, ""trend_align_50_200"": 2, ""trend_adx"": 3, ""pat_door_knock"": 10, ""vol_explosion"": 5, ""vol_dryup"": 7, ""risk_deduction"": -3}",oneil,Oops Reversal,61100.0,57527.5,5.846972176759411,breakout,Squeeze돌파,61100.0,55741.25,8.770458265139117,pullback,눌림목,54522.5,50235.5,7.862808932092255,0,-3801836100.0,14374176400.0,2026-02-26 17:13,1,,0
84,095610,테스,KOSDAQ,1463616000000,반도체장비(화학증착장비),75600.0,69552.0,23.0,10.0,15.0,0,7.0,55.0,8.0,89.91596638655462,29.92576301298764,-,68495.0,55500.0,77894.36816517975,True,False,"{""trend_ma20"": 5, ""trend_ma50"": 5, ""trend_ma200"": 5, ""trend_align_20_50"": 3, ""trend_align_50_200"": 2, ""trend_adx"": 3, ""pat_door_knock"": 10, ""vol_explosion"": 5, ""vol_dryup"": 7, ""vol_today"": 3, ""risk_deduction"": -3}",breakout,Squeeze돌파,77894.36816517975,68654.36816517975,11.862218306214407,pullback,눌림목,68495.0,64000.0,6.5625228118840795,oneil,오닐,75600.0,69540.0,8.015873015873016,0,-1494721400.0,-382839800.0,2026-02-26 17:12,1,,0
85,124500,아이티센글로벌,KOSDAQ,1373707998400,시스템통합 및 IT서비스,59200.0,54464.0,23.0,10.0,15.0,0,7.0,55.0,8.0,90.75630252100841,28.902819797456516,-,50300.0,38861.0,58817.38826144111,True,False,"{""trend_ma20"": 5, ""trend_ma50"": 5, ""trend_ma200"": 5, ""trend_align_20_50"": 3, ""trend_align_50_200"": 2, ""trend_adx"": 3, ""pat_door_knock"": 10, ""vol_explosion"": 5, ""vol_dryup"": 7, ""vol_today"": 3, ""risk_deduction"": -3}",breakout,Squeeze돌파,59200.0,52041.25,12.092483108108109,oneil,오닐,59200.0,54427.5,8.061655405405405,pullback,눌림목,50300.0,44573.0,11.38568588469185,0,-3935491250.0,-207551900.0,2026-02-26 17:12,1,,0
86,001060,JW중외제약,KOSPI,842950666000,"수액제,이상지질혈증치료제,혈우병치료제,소화기궤양치료제,항생제,도매",36200.0,32700.0,25.0,10.0,12.0,5,3.0,55.0,9.668508287292818,100.0,45.68960727055564,-,33990.0,30065.0,36731.059234595996,True,False,"{""trend_ma20"": 5, ""trend_ma50"": 5, ""trend_ma200"": 5, ""trend_align_20_50"": 3, ""trend_align_50_200"": 2, ""trend_adx"": 5, ""pat_door_knock"": 10, ""vol_explosion"": 5, ""vol_dryup"": 7, ""risk_deduction"": -7}",breakout,Squeeze돌파,36731.059234595996,33821.059234595996,7.922450538151509,oneil,오닐,36200.0,35815.0,1.0635359116022098,pullback,눌림목,33990.0,31662.0,6.8490732568402475,1,2606126600.0,-569257550.0,2026-02-26 17:13,1,,0
87,051600,한전KPS,KOSPI,2790000000000,"일반전기공사,발전설비정비공사,점검,수리,엔지니어링",62000.0,56700.0,24.0,10.0,12.0,4,5.0,55.0,8.548387096774194,95.7983193277311,36.810128329767345,-,58940.0,55438.0,62512.72854878824,True,False,"{""trend_ma20"": 5, ""trend_ma50"": 5, ""trend_ma200"": 5, ""trend_align_20_50"": 3, ""trend_align_50_200"": 2, ""trend_adx"": 4, ""pat_door_knock"": 10, ""vol_explosion"": 5, ""vol_dryup"": 7, ""risk_deduction"": -5}",oneil,오닐,62000.0,60590.0,2.274193548387097,pullback,눌림목,58940.0,55688.0,5.517475398710553,breakout,Squeeze돌파,62512.72854878824,58447.72854878824,6.502675686004425,0,-11938248600.0,5901419200.0,2026-02-26 17:13,1,,0
88,218410,RFHIC,KOSDAQ,1518647226600,GaN 트랜지스터,57300.0,52716.0,24.0,10.0,12.0,2,7.0,55.0,8.0,100.0,38.56605562329322,-,51072.5,41252.0,57887.756219146584,True,False,"{""trend_ma20"": 5, ""trend_ma50"": 5, ""trend_ma200"": 5, ""trend_align_20_50"": 3, ""trend_align_50_200"": 2, ""trend_adx"": 4, ""pat_door_knock"": 10, ""vol_explosion"": 5, ""vol_dryup"": 7, ""risk_deduction"": -3}",oneil,오닐,57300.0,54995.0,4.022687609075044,pullback,눌림목,51072.5,45849.5,10.226638601987371,breakout,Squeeze돌파,57887.756219146584,51359.006219146584,11.278291691396724,1,-1140797100.0,-2064023800.0,2026-02-26 17:13,1,,0
89,008770,호텔신라,KOSPI,1899609056400,"면세판매,관광숙박,외식사업,예식업",48400.0,47700.0,23.0,10.0,12.0,0,10.0,55.0,1.4462809917355373,26.050420168067227,60.051404601247384,-,48275.0,46531.0,50001.35946408422,True,False,"{""trend_ma20"": 5, ""trend_ma50"": 5, ""trend_ma200"": 5, ""trend_align_20_50"": 3, ""trend_adx"": 5, ""pat_door_knock"": 10, ""vol_explosion"": 5, ""vol_dryup"": 7, ""risk_safe"": 10}",pullback,눌림목,48275.0,47700.0,1.1910926980838943,breakout,Squeeze돌파,50001.35946408422,47563.85946408422,4.8748674558555685,oneil,오닐,48400.0,45496.0,6.0,0,-6381338600.0,-7800268700.0,2026-02-26 17:12,1,,0
90,053800,안랩,KOSDAQ,719884938200,바이러스백신 프로그램,64700.0,63000.0,18.0,10.0,12.0,4,10.0,54.0,2.627511591962906,75.63025210084034,16.025426201446063,-,64665.0,62618.0,66810.60194948927,True,False,"{""trend_ma20"": 5, ""trend_ma50"": 5, ""trend_ma200"": 5, ""trend_align_20_50"": 3, ""pat_door_knock"": 10, ""vol_explosion"": 5, ""vol_dryup"": 7, ""risk_safe"": 10}",pullback,눌림목,64665.0,62169.0,3.8598932962189747,breakout,Squeeze돌파,66810.60194948927,63690.60194948927,4.6699175115332885,oneil,오닐,64700.0,60818.0,6.0,0,-2702895200.0,3759602800.0,2026-02-26 17:13,1,,0
91,319660,피에스케이,KOSDAQ GLOBAL,1894423095600,"드라이스트립, 드라이클리닝",65400.0,60168.0,25.0,10.0,10.0,2,7.0,54.0,8.0,100.0,43.41001858700077,-,57887.5,45965.0,65843.8216491208,True,False,"{""trend_ma20"": 5, ""trend_ma50"": 5, ""trend_ma200"": 5, ""trend_align_20_50"": 3, ""trend_align_50_200"": 2, ""trend_adx"": 5, ""pat_door_knock"": 10, ""vol_dryup"": 7, ""vol_today"": 3, ""risk_deduction"": -3}",breakout,Squeeze돌파,65843.8216491208,57327.5716491208,12.93401535133056,oneil,오닐,65400.0,59990.0,8.27217125382263,pullback,눌림목,57887.5,51074.5,11.769380263442022,2,-4357763800.0,-6279199200.0,2026-02-26 17:13,1,,0
92,003850,보령,KOSPI,863877174490,"의약품(제산제(겔포스),구심,용각산,고혈압치료제(카프릴),소염진통제(멘소레담),항생제(듀리세프),혈전치료제(아스트릭스)) 제조",10070.0,9320.0,24.0,10.0,10.0,3,7.0,54.0,7.447864945382324,100.0,33.221703758284654,-,9671.5,9296.8,10136.145503389154,True,False,"{""trend_ma20"": 5, ""trend_ma50"": 5, ""trend_ma200"": 5, ""trend_align_20_50"": 3, ""trend_align_50_200"": 2, ""trend_adx"": 4, ""pat_door_knock"": 10, ""vol_explosion"": 5, ""vol_dryup"": 5, ""risk_deduction"": -3}",pullback,눌림목,9671.5,9136.3,5.533784831722077,oneil,오닐,10070.0,10009.0,0.605759682224429,breakout,Squeeze돌파,10136.145503389154,9467.145503389154,6.600142034033657,0,987697950.0,-38976070.0,2026-02-26 17:13,1,,0
93,006220,제주은행,KOSPI,626322089490,"은행업무,외국환업무,신탁업무",16570.0,15290.0,25.0,10.0,12.0,0,7.0,54.0,7.724803862401932,98.31932773109244,61.7547168954445,-,15849.0,13319.0,17132.047475478033,True,False,"{""trend_ma20"": 5, ""trend_ma50"": 5, ""trend_ma200"": 5, ""trend_align_20_50"": 3, ""trend_align_50_200"": 2, ""trend_adx"": 5, ""pat_door_knock"": 10, ""vol_explosion"": 5, ""vol_dryup"": 7, ""risk_deduction"": -3}",oneil,Inside Day,16570.0,16207.0,2.1907060953530477,pullback,눌림목,15849.0,14100.0,11.035396554987695,breakout,Squeeze돌파,17132.047475478033,14945.797475478033,12.761171734606098,0,-1020640480.0,-351341230.0,2026-02-26 17:12,1,,0
94,403870,HPSP,KOSDAQ GLOBAL,3637161896000,고압 수소 어닐링 장비,43300.0,39836.0,19.0,5.0,20.0,3,7.0,54.0,8.0,95.7983193277311,35.17704408419578,B,44005.0,37125.0,48329.564236506994,False,False,"{""trend_ma50"": 5, ""trend_ma200"": 5, ""trend_align_20_50"": 3, ""trend_align_50_200"": 2, ""trend_adx"": 4, ""pat_setup_b"": 5, ""vol_explosion"": 5, ""vol_dryup"": 7, ""vol_today"": 8, ""risk_deduction"": -3}",oneil,Pocket Pivot,43300.0,40702.0,6.0,pullback,눌림목,44005.0,39692.5,9.800022724690375,breakout,Squeeze돌파,48329.564236506994,42938.939236506994,11.153887036142676,0,231810456600.0,-40785606100.0,2026-02-26 17:13,1,,0
95,460930,현대힘스,KOSDAQ,698139791860,"선박기자재 (선박 블록, 보강재, 도장 등)",19660.0,18087.2,15.0,20.0,12.0,0,7.0,54.0,8.0,14.285714285714286,40.02950969925336,R,17819.0,18345.8,20189.747173877866,True,True,"{""trend_ma20"": 5, ""trend_ma50"": 5, ""trend_adx"": 5, ""pat_door_knock"": 10, ""pat_squeeze"": 10, ""vol_explosion"": 5, ""vol_dryup"": 7, ""risk_deduction"": -3}",breakout,Squeeze돌파,20189.747173877866,18991.997173877866,5.932466561788782,oneil,오닐,19660.0,18861.5,4.061546286876908,pullback,눌림목,17819.0,16928.05,5.0000000000000036,0,-6003020380.0,-33364890.0,2026-02-26 17:12,1,,0
96,064400,LG씨엔에스,KOSPI,7198625936400,"컨설팅, 시스템 구축/운영, 토탈 아웃소싱 및 AI, 클라우드·스마트팩토리 등 IT신기술 기반의 DX사업",74300.0,67900.0,22.0,10.0,15.0,2,5.0,54.0,8.613728129205922,54.621848739495796,23.70942282350825,-,70625.0,67264.0,75434.62550824128,True,False,"{""trend_ma20"": 5, ""trend_ma50"": 5, ""trend_ma200"": 5, ""trend_align_20_50"": 3, ""trend_align_50_200"": 2, ""trend_adx"": 2, ""pat_door_knock"": 10, ""vol_explosion"": 5, ""vol_dryup"": 7, ""vol_today"": 3, ""risk_deduction"": -5}",breakout,Squeeze돌파,75434.62550824128,70987.12550824128,5.895833604309612,pullback,눌림목,70625.0,68500.0,3.0088495575221237,oneil,오닐,74300.0,71560.0,3.687752355316285,1,-7988568600.0,-5262559100.0,2026-02-26 17:13,1,,0
97,347700,스피어,KOSDAQ,1995989965200,우주항공산업 관련 부품 등 판매 / 디지털헬스 소프트웨어 개발 및 공급,42300.0,38916.0,25.0,10.0,12.0,0,7.0,54.0,8.0,96.63865546218487,82.8602068186148,-,35425.0,23883.6,44472.06578024474,True,False,"{""trend_ma20"": 5, ""trend_ma50"": 5, ""trend_ma200"": 5, ""trend_align_20_50"": 3, ""trend_align_50_200"": 2, ""trend_adx"": 5, ""pat_door_knock"": 10, ""vol_explosion"": 5, ""vol_dryup"": 7, ""risk_deduction"": -3}",oneil,Inside Day,42300.0,42240.0,0.14184397163120568,breakout,Squeeze돌파,44472.06578024474,37127.69078024474,16.514580267738538,pullback,눌림목,35425.0,29549.5,16.58574453069866,0,-5591958300.0,-32044965550.0,2026-02-26 17:12,1,,0
98,100840,SNT에너지,KOSPI,963724487800,"공냉식 열교환장치,폐열회수장치 제조",46600.0,43600.0,23.0,10.0,12.0,0,8.0,53.0,6.437768240343347,23.529411764705884,50.53971879479111,-,45047.5,41316.0,48001.32563028158,True,False,"{""trend_ma20"": 5, ""trend_ma50"": 5, ""trend_ma200"": 5, ""trend_align_20_50"": 3, ""trend_adx"": 5, ""pat_door_knock"": 10, ""vol_explosion"": 5, ""vol_dryup"": 7, ""risk_deduction"": -2}",oneil,Inside Day,46600.0,43804.0,6.0,pullback,눌림목,45047.5,41066.5,8.837338365059104,breakout,Squeeze돌파,48001.32563028158,43025.07563028158,10.366901194205226,0,-5127817100.0,-5463277400.0,2026-02-26 17:13,1,,0
99,007700,F&F홀딩스,KOSPI,858560355650,지주회사,21950.0,20100.0,22.0,20.0,5.0,0,5.0,52.0,8.428246013667426,14.285714285714286,22.192857888834148,R,20938.0,20186.8,22172.76400532721,True,True,"{""trend_ma20"": 5, ""trend_ma50"": 5, ""trend_ma200"": 5, ""trend_align_20_50"": 3, ""trend_align_50_200"": 2, ""trend_adx"": 2, ""pat_door_knock"": 10, ""pat_squeeze"": 10, ""vol_dryup"": 5, ""risk_deduction"": -5}",pullback,눌림목,20938.0,20400.0,2.569490877829783,breakout,Squeeze돌파,22172.76400532721,20694.51400532721,6.666963124871743,oneil,오닐,21950.0,21605.0,1.571753986332574,0,-56180600.0,-84022400.0,2026-02-26 17:13,1,,0
100,058470,리노공업,KOSDAQ GLOBAL,8139425580000,"리노핀, 반도체 소켓 등",106800.0,94500.0,25.0,10.0,17.0,0,0.0,52.0,11.51685393258427,100.0,65.0017719565361,-,96445.0,76730.0,106296.13762904223,True,False,"{""trend_ma20"": 5, ""trend_ma50"": 5, ""trend_ma200"": 5, ""trend_align_20_50"": 3, ""trend_align_50_200"": 2, ""trend_adx"": 5, ""pat_door_knock"": 10, ""vol_explosion"": 5, ""vol_dryup"": 7, ""vol_today"": 5, ""risk_deduction"": -10}",breakout,Squeeze돌파,106800.0,96787.5,9.375,oneil,오닐,106800.0,100125.0,6.25,pullback,눌림목,96445.0,88435.0,8.305251697858882,0,-43514829300.0,-39925926600.0,2026-02-26 17:13,1,,0
