rank,code,name,market,mktcap,sector,close,stop,trend_score,pattern_score,volume_score,supply_score,risk_score,total_score,risk_pct,bbw_pct,adx,setup,ma20,ma60,bb_upper,door_knock,squeeze,score_details,foreign_consec_buy,foreign_net_5d,inst_net_5d,scan_date,chunk,keywords,news_count
1,71320,지역난방공사,KOSPI,1281766960800,기타,110700.0,101844.0,21.0,25.0,16.0,11,9.0,82.0,8.0,0.0,33.325100236873695,B,99805.0,104450.0,114183.18352378506,True,True,"{""trend_ma20"": 5, ""trend_ma50"": 5, ""trend_ma200"": 5, ""trend_align_50_200"": 2, ""trend_adx"": 4, ""pat_door_knock"": 10, ""pat_squeeze"": 10, ""pat_setup_b"": 5, ""vol_explosion"": 5, ""vol_dryup"": 3, ""vol_today"": 8, ""risk_deduction"": -1}",5,2648075000.0,-1800476400.0,2026-01-20 17:03,1,,0
2,185750,종근당,KOSPI,1177377134000,기타,85300.0,81400.0,22.0,23.0,16.0,11,10.0,82.0,4.572098475967175,11.764705882352942,49.21307028297433,C,83720.0,85158.0,88603.11542362583,True,True,"{""trend_ma20"": 5, ""trend_ma50"": 5, ""trend_ma200"": 5, ""trend_align_50_200"": 2, ""trend_adx"": 5, ""pat_door_knock"": 10, ""pat_squeeze"": 10, ""pat_setup_c"": 3, ""vol_explosion"": 5, ""vol_dryup"": 3, ""vol_today"": 8, ""risk_safe"": 10}",5,1944351300.0,-1855439000.0,2026-01-20 17:03,1,,0
3,388720,유일로보틱스,KOSDAQ,1127571038000,기타,96400.0,88688.0,24.0,15.0,20.0,12,9.0,80.0,8.0,70.58823529411765,37.37716223350249,B,85160.0,83942.0,96520.95343095672,True,False,"{""trend_ma20"": 5, ""trend_ma50"": 5, ""trend_ma200"": 5, ""trend_align_20_50"": 3, ""trend_align_50_200"": 2, ""trend_adx"": 4, ""pat_door_knock"": 10, ""pat_setup_b"": 5, ""vol_explosion"": 5, ""vol_dryup"": 7, ""vol_today"": 8, ""risk_deduction"": -1}",3,26105951700.0,8403768500.0,2026-01-20 17:03,1,,0
4,160190,하이젠알앤엠,KOSDAQ,2010808800000,기타,65100.0,59892.0,22.0,15.0,20.0,12,9.0,78.0,8.0,36.134453781512605,21.83370581953612,B,58370.0,56166.0,67118.79504043129,True,False,"{""trend_ma20"": 5, ""trend_ma50"": 5, ""trend_ma200"": 5, ""trend_align_20_50"": 3, ""trend_align_50_200"": 2, ""trend_adx"": 2, ""pat_door_knock"": 10, ""pat_setup_b"": 5, ""vol_explosion"": 5, ""vol_dryup"": 7, ""vol_today"": 8, ""risk_deduction"": -1}",3,10076434800.0,18655234400.0,2026-01-20 17:03,1,,0
5,90360,로보스타,KOSDAQ,863850000000,기타,88600.0,81512.0,22.0,15.0,20.0,12,9.0,78.0,8.0,34.45378151260504,20.90095594178941,B,77670.0,75094.0,91846.09252704322,True,False,"{""trend_ma20"": 5, ""trend_ma50"": 5, ""trend_ma200"": 5, ""trend_align_20_50"": 3, ""trend_align_50_200"": 2, ""trend_adx"": 2, ""pat_door_knock"": 10, ""pat_setup_b"": 5, ""vol_explosion"": 5, ""vol_dryup"": 7, ""vol_today"": 8, ""risk_deduction"": -1}",3,27431164200.0,8305194300.0,2026-01-20 17:03,1,,0
6,103590,일진전기,KOSPI,2989873953000,기타,62700.0,59300.0,25.0,20.0,17.0,6,9.0,77.0,5.422647527910686,19.327731092436974,40.12512397351684,R,59295.0,57516.0,65504.81837179212,True,True,"{""trend_ma20"": 5, ""trend_ma50"": 5, ""trend_ma200"": 5, ""trend_align_20_50"": 3, ""trend_align_50_200"": 2, ""trend_adx"": 5, ""pat_door_knock"": 10, ""pat_squeeze"": 10, ""vol_explosion"": 5, ""vol_dryup"": 7, ""vol_today"": 5, ""risk_deduction"": -1}",2,-3082936400.0,1971909400.0,2026-01-20 17:03,1,,0
7,33100,제룡전기,KOSDAQ,658558769000,기타,41000.0,36150.0,24.0,25.0,18.0,4,5.0,76.0,11.829268292682926,9.243697478991596,30.80402100373317,B,37447.5,36341.0,40298.41335057817,True,True,"{""trend_ma20"": 5, ""trend_ma50"": 5, ""trend_ma200"": 5, ""trend_align_20_50"": 3, ""trend_align_50_200"": 2, ""trend_adx"": 4, ""pat_door_knock"": 10, ""pat_squeeze"": 10, ""pat_setup_b"": 5, ""vol_explosion"": 5, ""vol_dryup"": 5, ""vol_today"": 8, ""risk_deduction"": -5}",0,-2727125950.0,775853900.0,2026-01-20 17:03,1,,0
8,1800,오리온홀딩스,KOSPI,1321818404200,기타,21100.0,19220.0,25.0,20.0,13.0,11,7.0,76.0,8.909952606635072,10.084033613445378,48.76953139940385,R,20309.5,20247.2,21458.35129894547,True,True,"{""trend_ma20"": 5, ""trend_ma50"": 5, ""trend_ma200"": 5, ""trend_align_20_50"": 3, ""trend_align_50_200"": 2, ""trend_adx"": 5, ""pat_door_knock"": 10, ""pat_squeeze"": 10, ""vol_dryup"": 5, ""vol_today"": 8, ""risk_deduction"": -3}",5,1964458580.0,-1044611170.0,2026-01-20 17:03,1,,0
9,55550,신한지주,KOSPI,39762035094600,기타,81900.0,75348.0,22.0,25.0,13.0,6,9.0,75.0,8.0,0.0,20.70312716214412,B,78450.0,78260.0,81670.2322679275,True,True,"{""trend_ma20"": 5, ""trend_ma50"": 5, ""trend_ma200"": 5, ""trend_align_20_50"": 3, ""trend_align_50_200"": 2, ""trend_adx"": 2, ""pat_door_knock"": 10, ""pat_squeeze"": 10, ""pat_setup_b"": 5, ""vol_dryup"": 5, ""vol_today"": 8, ""risk_deduction"": -1}",1,-15373238900.0,48872372500.0,2026-01-20 17:03,1,,0
10,1440,대한전선,KOSPI,5211202035000,기타,27950.0,25714.0,25.0,15.0,20.0,6,9.0,75.0,8.0,38.65546218487395,48.2707022510991,B,24920.0,23999.0,27747.80246329359,True,False,"{""trend_ma20"": 5, ""trend_ma50"": 5, ""trend_ma200"": 5, ""trend_align_20_50"": 3, ""trend_align_50_200"": 2, ""trend_adx"": 5, ""pat_door_knock"": 10, ""pat_setup_b"": 5, ""vol_explosion"": 5, ""vol_dryup"": 7, ""vol_today"": 8, ""risk_deduction"": -1}",1,-42748026300.0,293010450.0,2026-01-20 17:03,1,,0
1,7690,국도화학,KOSPI,325055203200,기타,35100.0,31300.0,20.0,20.0,15.0,15,5.0,75.0,10.826210826210826,4.201680672268908,21.233438965394196,R,33257.5,32498.0,34912.770518991754,True,True,"{""trend_ma20"": 5, ""trend_ma50"": 5, ""trend_ma200"": 5, ""trend_align_20_50"": 3, ""trend_adx"": 2, ""pat_door_knock"": 10, ""pat_squeeze"": 10, ""vol_explosion"": 5, ""vol_dryup"": 5, ""vol_today"": 5, ""risk_deduction"": -5}",5,449638700.0,599676100.0,2026-01-20 17:04,2,,0
11,131970,두산테스나,KOSDAQ GLOBAL,1018545442600,기타,52700.0,48950.0,25.0,20.0,11.0,9,9.0,74.0,7.115749525616698,19.327731092436974,60.33335102869122,R,50335.0,46701.0,54771.749152590535,True,True,"{""trend_ma20"": 5, ""trend_ma50"": 5, ""trend_ma200"": 5, ""trend_align_20_50"": 3, ""trend_align_50_200"": 2, ""trend_adx"": 5, ""pat_door_knock"": 10, ""pat_squeeze"": 10, ""vol_explosion"": 5, ""vol_dryup"": 3, ""vol_today"": 3, ""risk_deduction"": -1}",2,894846600.0,5311128500.0,2026-01-20 17:03,1,,0
13,1720,신영증권,KOSPI,2613960000000,기타,159000.0,146280.0,21.0,10.0,18.0,15,9.0,73.0,8.0,21.008403361344534,38.09933211811329,-,139800.0,143278.0,158330.88707060617,True,False,"{""trend_ma20"": 5, ""trend_ma50"": 5, ""trend_ma200"": 5, ""trend_align_50_200"": 2, ""trend_adx"": 4, ""pat_door_knock"": 10, ""vol_explosion"": 5, ""vol_dryup"": 5, ""vol_today"": 8, ""risk_deduction"": -1}",5,8780545500.0,3719959600.0,2026-01-20 17:04,1,,0
12,6400,삼성SDI,KOSPI,26270882780000,기타,326000.0,299920.0,22.0,20.0,13.0,9,9.0,73.0,8.0,10.92436974789916,42.42297881488662,R,282500.0,295740.0,337421.78777285275,True,True,"{""trend_ma20"": 5, ""trend_ma50"": 5, ""trend_ma200"": 5, ""trend_align_50_200"": 2, ""trend_adx"": 5, ""pat_door_knock"": 10, ""pat_squeeze"": 10, ""vol_explosion"": 5, ""vol_today"": 8, ""risk_deduction"": -1}",2,44644815500.0,98284818500.0,2026-01-20 17:03,1,,0
2,4700,조광피혁,KOSPI,478737936000,기타,72000.0,63200.0,21.0,23.0,18.0,6,5.0,73.0,12.22222222222222,3.361344537815126,31.688120430552523,C,67040.0,68510.0,72941.56333766985,True,True,"{""trend_ma20"": 5, ""trend_ma50"": 5, ""trend_ma200"": 5, ""trend_align_50_200"": 2, ""trend_adx"": 4, ""pat_door_knock"": 10, ""pat_squeeze"": 10, ""pat_setup_c"": 3, ""vol_explosion"": 5, ""vol_dryup"": 5, ""vol_today"": 8, ""risk_deduction"": -5}",2,-24960100.0,36838700.0,2026-01-20 17:03,2,,0
14,97520,엠씨넥스,KOSPI,547277175000,기타,31450.0,29400.0,25.0,10.0,13.0,15,9.0,72.0,6.518282988871224,72.26890756302521,46.102207581771616,-,29635.0,28007.0,32426.17075570676,True,False,"{""trend_ma20"": 5, ""trend_ma50"": 5, ""trend_ma200"": 5, ""trend_align_20_50"": 3, ""trend_align_50_200"": 2, ""trend_adx"": 5, ""pat_door_knock"": 10, ""vol_explosion"": 5, ""vol_dryup"": 5, ""vol_today"": 3, ""risk_deduction"": -1}",5,3791386750.0,84531550.0,2026-01-20 17:04,1,,0
15,377300,카카오페이,KOSPI,7270809070000,기타,53800.0,47200.0,20.0,23.0,18.0,6,5.0,72.0,12.267657992565056,10.084033613445378,21.26353536657739,C,49422.5,49318.0,54203.29888749011,True,True,"{""trend_ma20"": 5, ""trend_ma50"": 5, ""trend_ma200"": 5, ""trend_align_20_50"": 3, ""trend_adx"": 2, ""pat_door_knock"": 10, ""pat_squeeze"": 10, ""pat_setup_c"": 3, ""vol_explosion"": 5, ""vol_dryup"": 5, ""vol_today"": 8, ""risk_deduction"": -5}",1,-3124089200.0,1545146200.0,2026-01-20 17:03,1,,0
3,35510,신세계 I&C,KOSPI,236556828000,기타,16920.0,15310.0,21.0,20.0,15.0,9,7.0,72.0,9.515366430260046,5.042016806722689,31.205732747932142,R,16478.5,16625.4,17797.340432379133,True,True,"{""trend_ma20"": 5, ""trend_ma50"": 5, ""trend_ma200"": 5, ""trend_align_50_200"": 2, ""trend_adx"": 4, ""pat_door_knock"": 10, ""pat_squeeze"": 10, ""vol_explosion"": 5, ""vol_dryup"": 7, ""vol_today"": 3, ""risk_deduction"": -3}",2,1565248260.0,497567500.0,2026-01-20 17:04,2,,0
16,30610,교보증권,KOSPI,1171539239080,기타,10280.0,9457.6,20.0,15.0,20.0,8,9.0,72.0,8.0,19.327731092436974,17.729547672548893,B,9611.5,9506.0,10004.470492019514,False,True,"{""trend_ma20"": 5, ""trend_ma50"": 5, ""trend_ma200"": 5, ""trend_align_20_50"": 3, ""trend_align_50_200"": 2, ""pat_squeeze"": 10, ""pat_setup_b"": 5, ""vol_explosion"": 5, ""vol_dryup"": 7, ""vol_today"": 8, ""risk_deduction"": -1}",4,1606914560.0,-87597830.0,2026-01-20 17:03,1,,0
17,466100,클로봇,KOSDAQ,1839421430400,기타,73600.0,67712.0,23.0,10.0,17.0,12,9.0,71.0,8.0,71.42857142857143,29.047374400059294,-,63630.0,52222.0,74614.79979721303,True,False,"{""trend_ma20"": 5, ""trend_ma50"": 5, ""trend_ma200"": 5, ""trend_align_20_50"": 3, ""trend_align_50_200"": 2, ""trend_adx"": 3, ""pat_door_knock"": 10, ""vol_explosion"": 5, ""vol_dryup"": 7, ""vol_today"": 5, ""risk_deduction"": -1}",3,44285359400.0,7772430400.0,2026-01-20 17:03,1,,0
4,199430,케이엔알시스템,KOSDAQ,377782777050,기타,34350.0,31602.0,22.0,15.0,20.0,5,9.0,71.0,8.0,17.647058823529413,21.160669739913885,B,27367.5,25958.0,32901.774763522524,False,True,"{""trend_ma20"": 5, ""trend_ma50"": 5, ""trend_ma200"": 5, ""trend_align_20_50"": 3, ""trend_align_50_200"": 2, ""trend_adx"": 2, ""pat_squeeze"": 10, ""pat_setup_b"": 5, ""vol_explosion"": 5, ""vol_dryup"": 7, ""vol_today"": 8, ""risk_deduction"": -1}",1,2464230500.0,-30200.0,2026-01-20 17:04,2,,0
18,83650,비에이치아이,KOSDAQ,1980440000000,기타,64000.0,58880.0,23.0,15.0,20.0,4,9.0,71.0,8.0,73.10924369747899,25.063627643613376,B,55795.0,51057.0,63091.19674667484,True,False,"{""trend_ma20"": 5, ""trend_ma50"": 5, ""trend_ma200"": 5, ""trend_align_20_50"": 3, ""trend_align_50_200"": 2, ""trend_adx"": 3, ""pat_door_knock"": 10, ""pat_setup_b"": 5, ""vol_explosion"": 5, ""vol_dryup"": 7, ""vol_today"": 8, ""risk_deduction"": -1}",0,-17571170100.0,18063398500.0,2026-01-20 17:03,1,,0
19,454910,두산로보틱스,KOSPI,7655239638000,기타,118100.0,108652.0,25.0,5.0,16.0,15,9.0,70.0,8.0,77.3109243697479,43.72148229561747,B,85980.0,80972.0,96618.25132637112,False,False,"{""trend_ma20"": 5, ""trend_ma50"": 5, ""trend_ma200"": 5, ""trend_align_20_50"": 3, ""trend_align_50_200"": 2, ""trend_adx"": 5, ""pat_setup_b"": 5, ""vol_explosion"": 5, ""vol_dryup"": 3, ""vol_today"": 8, ""risk_deduction"": -1}",5,68370078400.0,37030694500.0,2026-01-20 17:04,1,,0
20,12750,에스원,KOSPI,3013334815400,기타,79300.0,70300.0,20.0,20.0,16.0,9,5.0,70.0,11.349306431273645,8.403361344537815,13.240723640186705,R,75380.0,75164.0,78987.69912683158,True,True,"{""trend_ma20"": 5, ""trend_ma50"": 5, ""trend_ma200"": 5, ""trend_align_20_50"": 3, ""trend_align_50_200"": 2, ""pat_door_knock"": 10, ""pat_squeeze"": 10, ""vol_explosion"": 5, ""vol_dryup"": 3, ""vol_today"": 8, ""risk_deduction"": -5}",1,425767500.0,818553700.0,2026-01-20 17:03,1,,0
21,86790,하나금융지주,KOSPI,27916079144200,기타,100300.0,91700.0,20.0,20.0,11.0,12,7.0,70.0,8.574277168494516,6.722689075630252,9.468363967217456,R,94570.0,93756.0,98870.35012065808,True,True,"{""trend_ma20"": 5, ""trend_ma50"": 5, ""trend_ma200"": 5, ""trend_align_20_50"": 3, ""trend_align_50_200"": 2, ""pat_door_knock"": 10, ""pat_squeeze"": 10, ""vol_dryup"": 3, ""vol_today"": 8, ""risk_deduction"": -3}",4,39752017500.0,83097900.0,2026-01-20 17:04,1,,0
5,244920,에이플러스에셋,KOSPI,248684623000,기타,11000.0,10120.0,24.0,10.0,12.0,15,9.0,70.0,8.0,100.0,30.291634720965654,-,9696.5,8682.8,11242.4545909751,True,False,"{""trend_ma20"": 5, ""trend_ma50"": 5, ""trend_ma200"": 5, ""trend_align_20_50"": 3, ""trend_align_50_200"": 2, ""trend_adx"": 4, ""pat_door_knock"": 10, ""vol_explosion"": 5, ""vol_dryup"": 7, ""risk_deduction"": -1}",5,6111463780.0,620386000.0,2026-01-20 17:04,2,,0
23,60280,큐렉소,KOSDAQ,613473550700,기타,14930.0,12820.0,22.0,15.0,20.0,7,5.0,69.0,14.132618888144671,68.90756302521008,22.29060890774621,B,13327.0,12459.2,15112.324567447564,True,False,"{""trend_ma20"": 5, ""trend_ma50"": 5, ""trend_ma200"": 5, ""trend_align_20_50"": 3, ""trend_align_50_200"": 2, ""trend_adx"": 2, ""pat_door_knock"": 10, ""pat_setup_b"": 5, ""vol_explosion"": 5, ""vol_dryup"": 7, ""vol_today"": 8, ""risk_deduction"": -5}",0,4080244230.0,1057857800.0,2026-01-20 17:03,1,,0
22,2380,KCC,KOSPI,3892274298000,기타,438000.0,395500.0,21.0,20.0,10.0,11,7.0,69.0,9.703196347031962,1.680672268907563,39.0782557403831,R,417175.0,419190.0,449063.1178912016,True,True,"{""trend_ma20"": 5, ""trend_ma50"": 5, ""trend_ma200"": 5, ""trend_align_50_200"": 2, ""trend_adx"": 4, ""pat_door_knock"": 10, ""pat_squeeze"": 10, ""vol_explosion"": 5, ""vol_today"": 5, ""risk_deduction"": -3}",5,20512279500.0,-2623082500.0,2026-01-20 17:03,1,,0
24,5850,에스엘,KOSPI,2317781148000,기타,49900.0,45908.0,25.0,15.0,16.0,4,9.0,69.0,8.0,100.0,43.26414111709448,B,44862.5,41691.0,50119.95937720247,True,False,"{""trend_ma20"": 5, ""trend_ma50"": 5, ""trend_ma200"": 5, ""trend_align_20_50"": 3, ""trend_align_50_200"": 2, ""trend_adx"": 5, ""pat_door_knock"": 10, ""pat_setup_b"": 5, ""vol_explosion"": 5, ""vol_dryup"": 3, ""vol_today"": 8, ""risk_deduction"": -1}",0,-15411011900.0,12980569300.0,2026-01-20 17:03,1,,0
25,6650,대한유화,KOSPI,1019850000000,기타,156900.0,144348.0,19.0,20.0,13.0,7,9.0,68.0,8.0,1.680672268907563,24.284293370633005,R,144305.0,144960.0,159828.5214087019,True,True,"{""trend_ma20"": 5, ""trend_ma50"": 5, ""trend_ma200"": 5, ""trend_align_50_200"": 2, ""trend_adx"": 2, ""pat_door_knock"": 10, ""pat_squeeze"": 10, ""vol_explosion"": 5, ""vol_dryup"": 3, ""vol_today"": 5, ""risk_deduction"": -1}",0,646885300.0,9666712600.0,2026-01-20 17:03,1,,0
8,115310,인포바인,KOSDAQ,241062666500,기타,75500.0,69460.0,20.0,10.0,20.0,9,9.0,68.0,8.0,21.008403361344534,27.132108356403094,-,64615.0,68786.0,77358.84435446287,True,False,"{""trend_ma20"": 5, ""trend_ma50"": 5, ""trend_ma200"": 5, ""trend_align_50_200"": 2, ""trend_adx"": 3, ""pat_door_knock"": 10, ""vol_explosion"": 5, ""vol_dryup"": 7, ""vol_today"": 8, ""risk_deduction"": -1}",1,56109300.0,2394500.0,2026-01-20 17:04,2,,0
26,64960,SNT모티브,KOSPI,1003222281600,기타,37800.0,35100.0,24.0,15.0,18.0,2,9.0,68.0,7.142857142857142,79.83193277310924,32.09052862277045,B,35000.0,33621.0,37888.56387843431,True,False,"{""trend_ma20"": 5, ""trend_ma50"": 5, ""trend_ma200"": 5, ""trend_align_20_50"": 3, ""trend_align_50_200"": 2, ""trend_adx"": 4, ""pat_door_knock"": 10, ""pat_setup_b"": 5, ""vol_explosion"": 5, ""vol_dryup"": 5, ""vol_today"": 8, ""risk_deduction"": -1}",1,-2386793350.0,-2985648400.0,2026-01-20 17:03,1,,0
7,451760,컨텍,KOSDAQ,274387006040,기타,17990.0,16550.8,25.0,5.0,20.0,9,9.0,68.0,8.0,100.0,77.0696093634516,B,12971.0,10098.2,14852.388003772649,False,False,"{""trend_ma20"": 5, ""trend_ma50"": 5, ""trend_ma200"": 5, ""trend_align_20_50"": 3, ""trend_align_50_200"": 2, ""trend_adx"": 5, ""pat_setup_b"": 5, ""vol_explosion"": 5, ""vol_dryup"": 7, ""vol_today"": 8, ""risk_deduction"": -1}",1,23913820.0,2641435720.0,2026-01-20 17:04,2,,0
6,211270,AP위성,KOSDAQ,263186204800,기타,17450.0,16054.0,25.0,5.0,20.0,9,9.0,68.0,8.0,100.0,68.3804578696582,B,13995.0,12393.2,15377.93625379283,False,False,"{""trend_ma20"": 5, ""trend_ma50"": 5, ""trend_ma200"": 5, ""trend_align_20_50"": 3, ""trend_align_50_200"": 2, ""trend_adx"": 5, ""pat_setup_b"": 5, ""vol_explosion"": 5, ""vol_dryup"": 7, ""vol_today"": 8, ""risk_deduction"": -1}",1,1823673770.0,970845190.0,2026-01-20 17:04,2,,0
27,66570,LG전자,KOSPI,17103070635000,기타,105000.0,96600.0,23.0,5.0,18.0,12,9.0,67.0,8.0,57.98319327731093,27.646345373343014,B,93815.0,91996.0,100305.53190894326,False,False,"{""trend_ma20"": 5, ""trend_ma50"": 5, ""trend_ma200"": 5, ""trend_align_20_50"": 3, ""trend_align_50_200"": 2, ""trend_adx"": 3, ""pat_setup_b"": 5, ""vol_explosion"": 5, ""vol_dryup"": 5, ""vol_today"": 8, ""risk_deduction"": -1}",3,122173411300.0,50851371000.0,2026-01-20 17:04,1,,0
28,457190,이수스페셜티케미컬,KOSPI,2522391380000,기타,83500.0,76820.0,24.0,5.0,20.0,9,9.0,67.0,8.0,100.0,34.37031665549631,B,60855.0,57355.0,69597.63041158977,False,False,"{""trend_ma20"": 5, ""trend_ma50"": 5, ""trend_ma200"": 5, ""trend_align_20_50"": 3, ""trend_align_50_200"": 2, ""trend_adx"": 4, ""pat_setup_b"": 5, ""vol_explosion"": 5, ""vol_dryup"": 7, ""vol_today"": 8, ""risk_deduction"": -1}",1,29466463400.0,9451250900.0,2026-01-20 17:03,1,,0
29,44490,태웅,KOSDAQ,670247263500,기타,33500.0,30820.0,20.0,14.0,20.0,4,9.0,67.0,8.0,1.680672268907563,23.534846711972445,A,27635.0,26396.0,32045.77698957153,False,True,"{""trend_ma20"": 5, ""trend_ma50"": 5, ""trend_ma200"": 5, ""trend_align_20_50"": 3, ""trend_adx"": 2, ""pat_squeeze"": 10, ""pat_setup_a"": 4, ""vol_explosion"": 5, ""vol_dryup"": 7, ""vol_today"": 8, ""risk_deduction"": -1}",0,-2823507500.0,2775408400.0,2026-01-20 17:03,1,,0
30,18260,삼성에스디에스,KOSPI,13912528440000,기타,179800.0,171300.0,24.0,20.0,8.0,5,10.0,67.0,4.727474972191324,10.92436974789916,34.22021144152187,R,175545.0,172962.0,183751.30280660663,True,True,"{""trend_ma20"": 5, ""trend_ma50"": 5, ""trend_ma200"": 5, ""trend_align_20_50"": 3, ""trend_align_50_200"": 2, ""trend_adx"": 4, ""pat_door_knock"": 10, ""pat_squeeze"": 10, ""vol_dryup"": 3, ""vol_today"": 5, ""risk_safe"": 10}",2,37197221000.0,-25616754600.0,2026-01-20 17:03,1,,0
11,1940,KISCO홀딩스,KOSPI,377091708000,기타,26600.0,24750.0,19.0,20.0,13.0,6,9.0,67.0,6.954887218045112,11.764705882352942,24.5227336144158,R,25645.0,26042.0,27175.68098185981,True,True,"{""trend_ma20"": 5, ""trend_ma50"": 5, ""trend_ma200"": 5, ""trend_align_50_200"": 2, ""trend_adx"": 2, ""pat_door_knock"": 10, ""pat_squeeze"": 10, ""vol_dryup"": 5, ""vol_today"": 8, ""risk_deduction"": -1}",1,-155238700.0,1274964000.0,2026-01-20 17:04,2,,0
10,389500,에스비비테크,KOSDAQ,463008382400,기타,73100.0,67252.0,24.0,5.0,20.0,9,9.0,67.0,8.0,100.0,35.54415358072351,B,45870.0,37468.0,57289.87047246748,False,False,"{""trend_ma20"": 5, ""trend_ma50"": 5, ""trend_ma200"": 5, ""trend_align_20_50"": 3, ""trend_align_50_200"": 2, ""trend_adx"": 4, ""pat_setup_b"": 5, ""vol_explosion"": 5, ""vol_dryup"": 7, ""vol_today"": 8, ""risk_deduction"": -1}",1,1701628200.0,4428497600.0,2026-01-20 17:04,2,,0
9,3920,남양유업,KOSPI,310200000000,기타,51700.0,49050.0,12.0,20.0,15.0,11,9.0,67.0,5.125725338491296,0.0,20.48556875727652,R,50530.0,50697.0,53611.066197904365,True,True,"{""trend_ma20"": 5, ""trend_ma50"": 5, ""trend_adx"": 2, ""pat_door_knock"": 10, ""pat_squeeze"": 10, ""vol_explosion"": 5, ""vol_dryup"": 5, ""vol_today"": 5, ""risk_deduction"": -1}",5,286304300.0,-144811500.0,2026-01-20 17:04,2,,0
33,52690,한전기술,KOSPI,5530434000000,기타,144700.0,133124.0,25.0,5.0,18.0,9,9.0,66.0,8.0,78.99159663865547,46.9206869414583,B,102450.0,97084.0,120049.29721960452,False,False,"{""trend_ma20"": 5, ""trend_ma50"": 5, ""trend_ma200"": 5, ""trend_align_20_50"": 3, ""trend_align_50_200"": 2, ""trend_adx"": 5, ""pat_setup_b"": 5, ""vol_explosion"": 5, ""vol_dryup"": 5, ""vol_today"": 8, ""risk_deduction"": -1}",2,98729716200.0,47404030400.0,2026-01-20 17:04,1,,0
35,5490,POSCO홀딩스,KOSPI,28933530340000,기타,357500.0,312000.0,24.0,15.0,13.0,9,5.0,66.0,12.727272727272728,8.403361344537815,34.09567340015207,B,318200.0,314040.0,340670.6509544601,False,True,"{""trend_ma20"": 5, ""trend_ma50"": 5, ""trend_ma200"": 5, ""trend_align_20_50"": 3, ""trend_align_50_200"": 2, ""trend_adx"": 4, ""pat_squeeze"": 10, ""pat_setup_b"": 5, ""vol_explosion"": 5, ""vol_today"": 8, ""risk_deduction"": -5}",1,103575782500.0,127662196000.0,2026-01-20 17:04,1,,0
36,56080,유진로봇,KOSDAQ,1177881572800,기타,31400.0,28888.0,25.0,5.0,20.0,7,9.0,66.0,8.0,100.0,48.28284838199564,B,17546.0,14630.8,22592.16316338625,False,False,"{""trend_ma20"": 5, ""trend_ma50"": 5, ""trend_ma200"": 5, ""trend_align_20_50"": 3, ""trend_align_50_200"": 2, ""trend_adx"": 5, ""pat_setup_b"": 5, ""vol_explosion"": 5, ""vol_dryup"": 7, ""vol_today"": 8, ""risk_deduction"": -1}",0,6282236700.0,16184745460.0,2026-01-20 17:03,1,,0
37,9520,포스코엠텍,KOSDAQ GLOBAL,752067216180,기타,18060.0,16615.2,22.0,20.0,12.0,3,9.0,66.0,8.0,14.285714285714286,22.630517966655777,R,16398.0,15986.2,17820.314223555735,True,True,"{""trend_ma20"": 5, ""trend_ma50"": 5, ""trend_ma200"": 5, ""trend_align_20_50"": 3, ""trend_align_50_200"": 2, ""trend_adx"": 2, ""pat_door_knock"": 10, ""pat_squeeze"": 10, ""vol_explosion"": 5, ""vol_dryup"": 7, ""risk_deduction"": -1}",0,5692902750.0,-1177417050.0,2026-01-20 17:03,1,,0
34,95660,네오위즈,KOSDAQ,562813012000,기타,25750.0,24700.0,17.0,20.0,10.0,9,10.0,66.0,4.077669902912621,2.5210084033613445,19.50662563671043,R,25235.0,25240.0,26431.253765467198,True,True,"{""trend_ma20"": 5, ""trend_ma50"": 5, ""trend_ma200"": 5, ""trend_align_50_200"": 2, ""pat_door_knock"": 10, ""pat_squeeze"": 10, ""vol_dryup"": 7, ""vol_today"": 3, ""risk_safe"": 10}",1,991462600.0,354379450.0,2026-01-20 17:04,1,,0
31,10140,삼성중공업,KOSPI,27148000000000,기타,30850.0,28382.0,25.0,10.0,11.0,11,9.0,66.0,8.0,28.571428571428573,51.90067632590084,-,26717.5,26011.0,30473.559414573527,True,False,"{""trend_ma20"": 5, ""trend_ma50"": 5, ""trend_ma200"": 5, ""trend_align_20_50"": 3, ""trend_align_50_200"": 2, ""trend_adx"": 5, ""pat_door_knock"": 10, ""vol_explosion"": 5, ""vol_dryup"": 3, ""vol_today"": 3, ""risk_deduction"": -1}",5,305303495350.0,-32767500700.0,2026-01-20 17:04,1,,0
32,14680,한솔케미칼,KOSPI,2958485895000,기타,261000.0,225000.0,25.0,14.0,11.0,11,5.0,66.0,13.79310344827586,13.445378151260504,46.7921019721611,A,236125.0,231610.0,252966.8610293002,False,True,"{""trend_ma20"": 5, ""trend_ma50"": 5, ""trend_ma200"": 5, ""trend_align_20_50"": 3, ""trend_align_50_200"": 2, ""trend_adx"": 5, ""pat_squeeze"": 10, ""pat_setup_a"": 4, ""vol_dryup"": 3, ""vol_today"": 8, ""risk_deduction"": -5}",5,15657741000.0,-7656807500.0,2026-01-20 17:04,1,,0
41,347700,스피어,KOSDAQ,921126909360,기타,19740.0,18160.8,24.0,10.0,17.0,5,9.0,65.0,8.0,100.0,31.06872055109337,-,16665.0,12066.0,19625.144974057323,True,False,"{""trend_ma20"": 5, ""trend_ma50"": 5, ""trend_ma200"": 5, ""trend_align_20_50"": 3, ""trend_align_50_200"": 2, ""trend_adx"": 4, ""pat_door_knock"": 10, ""vol_explosion"": 5, ""vol_dryup"": 7, ""vol_today"": 5, ""risk_deduction"": -1}",2,4927349630.0,-6748311400.0,2026-01-20 17:03,1,,0
38,98460,고영,KOSDAQ,2052777174500,기타,29900.0,27508.0,25.0,5.0,20.0,6,9.0,65.0,8.0,75.63025210084034,51.098216358750655,B,26155.0,24107.6,31548.612029282725,False,False,"{""trend_ma20"": 5, ""trend_ma50"": 5, ""trend_ma200"": 5, ""trend_align_20_50"": 3, ""trend_align_50_200"": 2, ""trend_adx"": 5, ""pat_setup_b"": 5, ""vol_explosion"": 5, ""vol_dryup"": 7, ""vol_today"": 8, ""risk_deduction"": -1}",1,-2879983600.0,3430843700.0,2026-01-20 17:03,1,,0
39,62040,산일전기,KOSPI,4478488920000,기타,147100.0,135332.0,20.0,15.0,15.0,6,9.0,65.0,8.0,0.0,28.162619837526734,B,138040.0,141218.0,161120.94133238462,False,True,"{""trend_ma20"": 5, ""trend_ma50"": 5, ""trend_ma200"": 5, ""trend_align_50_200"": 2, ""trend_adx"": 3, ""pat_squeeze"": 10, ""pat_setup_b"": 5, ""vol_dryup"": 7, ""vol_today"": 8, ""risk_deduction"": -1}",2,-8523166100.0,316362200.0,2026-01-20 17:03,1,,0
13,45100,한양이엔지,KOSDAQ,427500000000,기타,23750.0,22400.0,25.0,10.0,15.0,6,9.0,65.0,5.684210526315789,100.0,45.884092189711325,-,22945.0,21696.0,24323.8798347812,True,False,"{""trend_ma20"": 5, ""trend_ma50"": 5, ""trend_ma200"": 5, ""trend_align_20_50"": 3, ""trend_align_50_200"": 2, ""trend_adx"": 5, ""pat_door_knock"": 10, ""vol_explosion"": 5, ""vol_dryup"": 5, ""vol_today"": 5, ""risk_deduction"": -1}",2,-797981000.0,97690350.0,2026-01-20 17:04,2,,0
12,286940,롯데이노베이트,KOSPI,329820200600,기타,21800.0,19900.0,23.0,15.0,13.0,7,7.0,65.0,8.715596330275229,49.57983193277311,43.8779734433513,B,20166.0,19883.8,21548.54356248788,True,False,"{""trend_ma20"": 5, ""trend_ma50"": 5, ""trend_ma200"": 5, ""trend_align_20_50"": 3, ""trend_adx"": 5, ""pat_door_knock"": 10, ""pat_setup_b"": 5, ""vol_explosion"": 5, ""vol_today"": 8, ""risk_deduction"": -3}",0,121335600.0,341783850.0,2026-01-20 17:04,2,,0
40,42660,한화오션,KOSPI,45073410257400,기타,147100.0,135332.0,25.0,10.0,10.0,11,9.0,65.0,8.0,62.18487394957983,53.72209112025917,-,128720.0,121420.0,149340.64368906774,True,False,"{""trend_ma20"": 5, ""trend_ma50"": 5, ""trend_ma200"": 5, ""trend_align_20_50"": 3, ""trend_align_50_200"": 2, ""trend_adx"": 5, ""pat_door_knock"": 10, ""vol_explosion"": 5, ""vol_dryup"": 5, ""risk_deduction"": -1}",5,381183911800.0,-34123290900.0,2026-01-20 17:04,1,,0
43,500,가온전선,KOSPI,1530238137500,기타,92500.0,85100.0,24.0,5.0,20.0,6,9.0,64.0,8.0,56.30252100840336,33.553978588745096,B,88085.0,80690.0,97602.8670283346,False,False,"{""trend_ma20"": 5, ""trend_ma50"": 5, ""trend_ma200"": 5, ""trend_align_20_50"": 3, ""trend_align_50_200"": 2, ""trend_adx"": 4, ""pat_setup_b"": 5, ""vol_explosion"": 5, ""vol_dryup"": 7, ""vol_today"": 8, ""risk_deduction"": -1}",1,-1614742400.0,4085552400.0,2026-01-20 17:03,1,,0
42,85660,차바이오텍,KOSDAQ,1265683316700,기타,15950.0,13800.0,24.0,15.0,18.0,2,5.0,64.0,13.479623824451412,74.78991596638656,35.75233519330117,B,14533.0,14140.8,16185.11014584968,True,False,"{""trend_ma20"": 5, ""trend_ma50"": 5, ""trend_ma200"": 5, ""trend_align_20_50"": 3, ""trend_align_50_200"": 2, ""trend_adx"": 4, ""pat_door_knock"": 10, ""pat_setup_b"": 5, ""vol_explosion"": 5, ""vol_dryup"": 5, ""vol_today"": 8, ""risk_deduction"": -5}",1,-5043550900.0,-5967399750.0,2026-01-20 17:03,1,,0
49,241710,코스메카코리아,KOSDAQ,765756000000,기타,71700.0,64200.0,17.0,20.0,18.0,4,5.0,64.0,10.460251046025103,3.361344537815126,11.32650022122692,R,68040.0,69806.0,74703.11493804262,True,True,"{""trend_ma20"": 5, ""trend_ma50"": 5, ""trend_ma200"": 5, ""trend_align_50_200"": 2, ""pat_door_knock"": 10, ""pat_squeeze"": 10, ""vol_explosion"": 5, ""vol_dryup"": 5, ""vol_today"": 8, ""risk_deduction"": -5}",0,-3819410300.0,2527013300.0,2026-01-20 17:03,1,,0
15,285490,노바텍,KOSDAQ,279730729950,기타,26450.0,24334.0,23.0,5.0,18.0,9,9.0,64.0,8.0,95.7983193277311,25.292135943022878,B,22327.5,21177.0,23850.09331092526,False,False,"{""trend_ma20"": 5, ""trend_ma50"": 5, ""trend_ma200"": 5, ""trend_align_20_50"": 3, ""trend_align_50_200"": 2, ""trend_adx"": 3, ""pat_setup_b"": 5, ""vol_explosion"": 5, ""vol_dryup"": 5, ""vol_today"": 8, ""risk_deduction"": -1}",2,3461837050.0,3975050.0,2026-01-20 17:04,2,,0
14,475400,씨메스,KOSDAQ,502586382900,기타,42950.0,39514.0,22.0,5.0,20.0,8,9.0,64.0,8.0,50.42016806722689,20.086946572269945,B,34482.5,33024.0,39188.80143108957,False,False,"{""trend_ma20"": 5, ""trend_ma50"": 5, ""trend_ma200"": 5, ""trend_align_20_50"": 3, ""trend_align_50_200"": 2, ""trend_adx"": 2, ""pat_setup_b"": 5, ""vol_explosion"": 5, ""vol_dryup"": 7, ""vol_today"": 8, ""risk_deduction"": -1}",4,8981186600.0,-67867850.0,2026-01-20 17:04,2,,0
44,263750,펄어비스,KOSDAQ GLOBAL,2672710768000,기타,41600.0,38272.0,25.0,5.0,20.0,5,9.0,64.0,8.0,24.369747899159663,64.9447179705981,B,38362.5,37909.0,40764.249711197685,False,False,"{""trend_ma20"": 5, ""trend_ma50"": 5, ""trend_ma200"": 5, ""trend_align_20_50"": 3, ""trend_align_50_200"": 2, ""trend_adx"": 5, ""pat_setup_b"": 5, ""vol_explosion"": 5, ""vol_dryup"": 7, ""vol_today"": 8, ""risk_deduction"": -1}",1,2439520050.0,-1784766550.0,2026-01-20 17:03,1,,0
45,34730,SK,KOSPI,21388297385000,기타,295000.0,270000.0,25.0,20.0,5.0,7,7.0,64.0,8.47457627118644,3.361344537815126,49.798008262697394,R,272925.0,265760.0,293498.0568460248,True,True,"{""trend_ma20"": 5, ""trend_ma50"": 5, ""trend_ma200"": 5, ""trend_align_20_50"": 3, ""trend_align_50_200"": 2, ""trend_adx"": 5, ""pat_door_knock"": 10, ""pat_squeeze"": 10, ""vol_today"": 5, ""risk_deduction"": -3}",0,24515787500.0,13614481500.0,2026-01-20 17:04,1,,0
46,79900,전진건설로봇,KOSPI,720142095750,기타,49350.0,46300.0,20.0,10.0,13.0,12,9.0,64.0,6.180344478216818,20.16806722689076,20.00180526616693,-,48305.0,47117.0,51677.99447996418,True,False,"{""trend_ma20"": 5, ""trend_ma50"": 5, ""trend_ma200"": 5, ""trend_align_20_50"": 3, ""trend_adx"": 2, ""pat_door_knock"": 10, ""vol_explosion"": 5, ""vol_dryup"": 5, ""vol_today"": 3, ""risk_deduction"": -1}",3,1113919050.0,742942850.0,2026-01-20 17:04,1,,0
47,295310,에이치브이엠,KOSDAQ,1077124755500,기타,90500.0,83260.0,25.0,5.0,20.0,5,9.0,64.0,8.0,100.0,74.45609885428121,B,66102.5,41814.0,80662.07934556593,False,False,"{""trend_ma20"": 5, ""trend_ma50"": 5, ""trend_ma200"": 5, ""trend_align_20_50"": 3, ""trend_align_50_200"": 2, ""trend_adx"": 5, ""pat_setup_b"": 5, ""vol_explosion"": 5, ""vol_dryup"": 7, ""vol_today"": 8, ""risk_deduction"": -1}",2,5222233600.0,-7097147700.0,2026-01-20 17:03,1,,0
48,420770,기가비스,KOSDAQ,652801537000,기타,51500.0,47380.0,25.0,5.0,16.0,9,9.0,64.0,8.0,66.38655462184875,55.15481884538356,B,35992.5,34232.0,42970.33135911208,False,False,"{""trend_ma20"": 5, ""trend_ma50"": 5, ""trend_ma200"": 5, ""trend_align_20_50"": 3, ""trend_align_50_200"": 2, ""trend_adx"": 5, ""pat_setup_b"": 5, ""vol_explosion"": 5, ""vol_dryup"": 3, ""vol_today"": 8, ""risk_deduction"": -1}",1,8042264800.0,9919064450.0,2026-01-20 17:04,1,,0
16,490,대동,KOSPI,299222858700,기타,10380.0,9200.0,20.0,10.0,16.0,12,5.0,63.0,11.368015414258188,25.210084033613445,21.16448247283753,-,9708.5,9594.6,10180.622136963668,True,False,"{""trend_ma20"": 5, ""trend_ma50"": 5, ""trend_ma200"": 5, ""trend_align_20_50"": 3, ""trend_adx"": 2, ""pat_door_knock"": 10, ""vol_explosion"": 5, ""vol_dryup"": 3, ""vol_today"": 8, ""risk_deduction"": -5}",3,973407030.0,25676880.0,2026-01-20 17:04,2,,0
50,240810,원익IPS,KOSDAQ GLOBAL,3671475794800,기타,74800.0,71800.0,25.0,10.0,12.0,6,10.0,63.0,4.010695187165775,11.764705882352942,57.88530729829234,-,72500.0,66628.0,79482.89101244276,False,True,"{""trend_ma20"": 5, ""trend_ma50"": 5, ""trend_ma200"": 5, ""trend_align_20_50"": 3, ""trend_align_50_200"": 2, ""trend_adx"": 5, ""pat_squeeze"": 10, ""vol_explosion"": 5, ""vol_dryup"": 7, ""risk_safe"": 10}",1,-16694451900.0,20910415600.0,2026-01-20 17:04,1,,0
51,437730,삼현,KOSDAQ,2225871203400,기타,70200.0,64584.0,25.0,10.0,12.0,7,9.0,63.0,8.0,85.71428571428571,52.589214957172885,-,61192.5,46927.0,73107.50538403679,True,False,"{""trend_ma20"": 5, ""trend_ma50"": 5, ""trend_ma200"": 5, ""trend_align_20_50"": 3, ""trend_align_50_200"": 2, ""trend_adx"": 5, ""pat_door_knock"": 10, ""vol_explosion"": 5, ""vol_dryup"": 7, ""risk_deduction"": -1}",0,6025623600.0,4272289600.0,2026-01-20 17:04,1,,0
52,267260,HD현대일렉트릭,KOSPI,32983128525000,기타,915000.0,812000.0,24.0,20.0,5.0,9,5.0,63.0,11.256830601092895,7.563025210084033,37.50694713404518,R,843950.0,826960.0,926212.499158247,True,True,"{""trend_ma20"": 5, ""trend_ma50"": 5, ""trend_ma200"": 5, ""trend_align_20_50"": 3, ""trend_align_50_200"": 2, ""trend_adx"": 4, ""pat_door_knock"": 10, ""pat_squeeze"": 10, ""vol_explosion"": 5, ""risk_deduction"": -5}",2,2014416000.0,2409542000.0,2026-01-20 17:04,1,,0
53,282330,BGF리테일,KOSPI,2036044126800,기타,117800.0,108376.0,20.0,15.0,8.0,11,9.0,63.0,8.0,36.134453781512605,43.18209769441573,B,107885.0,109350.0,115635.16136288336,True,False,"{""trend_ma20"": 5, ""trend_ma50"": 5, ""trend_ma200"": 5, ""trend_adx"": 5, ""pat_door_knock"": 10, ""pat_setup_b"": 5, ""vol_today"": 8, ""risk_deduction"": -1}",5,14899938100.0,-408998500.0,2026-01-20 17:04,1,,0
54,42700,한미반도체,KOSPI,16403229620000,기타,172100.0,164800.0,25.0,10.0,12.0,6,10.0,63.0,4.241719930273097,68.0672268907563,61.36043974504507,-,157805.0,136844.0,180753.30799700823,True,False,"{""trend_ma20"": 5, ""trend_ma50"": 5, ""trend_ma200"": 5, ""trend_align_20_50"": 3, ""trend_align_50_200"": 2, ""trend_adx"": 5, ""pat_door_knock"": 10, ""vol_explosion"": 5, ""vol_dryup"": 7, ""risk_safe"": 10}",1,-19062895900.0,54382751500.0,2026-01-20 17:04,1,,0
55,86520,에코프로,KOSDAQ GLOBAL,13346795741600,기타,98300.0,90436.0,25.0,5.0,20.0,4,9.0,63.0,8.0,45.37815126050421,47.90224534965894,B,94175.0,94014.0,111931.39296766667,False,False,"{""trend_ma20"": 5, ""trend_ma50"": 5, ""trend_ma200"": 5, ""trend_align_20_50"": 3, ""trend_align_50_200"": 2, ""trend_adx"": 5, ""pat_setup_b"": 5, ""vol_explosion"": 5, ""vol_dryup"": 7, ""vol_today"": 8, ""risk_deduction"": -1}",0,-71642713300.0,9942694900.0,2026-01-20 17:03,1,,0
56,189300,인텔리안테크,KOSDAQ,794266716000,기타,74000.0,66900.0,25.0,10.0,17.0,3,7.0,62.0,9.594594594594597,100.0,80.89174681867931,-,66070.0,52501.0,74357.24291927478,True,False,"{""trend_ma20"": 5, ""trend_ma50"": 5, ""trend_ma200"": 5, ""trend_align_20_50"": 3, ""trend_align_50_200"": 2, ""trend_adx"": 5, ""pat_door_knock"": 10, ""vol_explosion"": 5, ""vol_dryup"": 7, ""vol_today"": 5, ""risk_deduction"": -3}",0,8871008000.0,-1263271700.0,2026-01-20 17:03,1,,0
20,11760,현대코퍼레이션,KOSPI,293021596900,기타,22150.0,20450.0,14.0,23.0,11.0,5,9.0,62.0,7.674943566591422,5.042016806722689,35.23760109381581,C,21692.5,21766.0,22962.336508358163,True,True,"{""trend_ma20"": 5, ""trend_ma50"": 5, ""trend_adx"": 4, ""pat_door_knock"": 10, ""pat_squeeze"": 10, ""pat_setup_c"": 3, ""vol_dryup"": 3, ""vol_today"": 8, ""risk_deduction"": -1}",2,482577500.0,-969404050.0,2026-01-20 17:04,2,,0
19,37460,삼지전자,KOSDAQ,272519317400,기타,16700.0,15720.0,25.0,10.0,13.0,5,9.0,62.0,5.868263473053893,100.0,65.13936446344412,-,15691.0,14235.2,16975.744527564137,True,False,"{""trend_ma20"": 5, ""trend_ma50"": 5, ""trend_ma200"": 5, ""trend_align_20_50"": 3, ""trend_align_50_200"": 2, ""trend_adx"": 5, ""pat_door_knock"": 10, ""vol_explosion"": 5, ""vol_dryup"": 3, ""vol_today"": 5, ""risk_deduction"": -1}",2,86479520.0,-592113690.0,2026-01-20 17:04,2,,0
18,104830,원익머트리얼즈,KOSDAQ,420476800000,기타,33350.0,30682.0,25.0,5.0,18.0,5,9.0,62.0,8.0,24.369747899159663,49.22853547874156,B,32552.5,31906.0,35137.3399985555,False,False,"{""trend_ma20"": 5, ""trend_ma50"": 5, ""trend_ma200"": 5, ""trend_align_20_50"": 3, ""trend_align_50_200"": 2, ""trend_adx"": 5, ""pat_setup_b"": 5, ""vol_explosion"": 5, ""vol_dryup"": 5, ""vol_today"": 8, ""risk_deduction"": -1}",1,475916850.0,-1333680100.0,2026-01-20 17:04,2,,0
17,282880,코윈테크,KOSDAQ,203581317500,기타,17750.0,16330.0,22.0,10.0,12.0,9,9.0,62.0,8.0,51.26050420168068,24.177386895882314,-,16200.45,15683.2,17978.772128042296,True,False,"{""trend_ma20"": 5, ""trend_ma50"": 5, ""trend_ma200"": 5, ""trend_align_20_50"": 3, ""trend_align_50_200"": 2, ""trend_adx"": 2, ""pat_door_knock"": 10, ""vol_explosion"": 5, ""vol_dryup"": 7, ""risk_deduction"": -1}",2,1638545680.0,15460600.0,2026-01-20 17:04,2,,0
22,5430,한국공항,KOSPI,211195878500,기타,66700.0,61100.0,20.0,20.0,13.0,2,7.0,62.0,8.395802098950526,10.92436974789916,16.40918077756832,R,64695.0,61866.0,67159.49082803004,True,True,"{""trend_ma20"": 5, ""trend_ma50"": 5, ""trend_ma200"": 5, ""trend_align_20_50"": 3, ""trend_align_50_200"": 2, ""pat_door_knock"": 10, ""pat_squeeze"": 10, ""vol_explosion"": 5, ""vol_dryup"": 5, ""vol_today"": 3, ""risk_deduction"": -3}",1,-929730000.0,-270131200.0,2026-01-20 17:04,2,,0
21,43370,피에이치에이,KOSDAQ,253050000000,기타,12050.0,10990.0,25.0,10.0,20.0,0,7.0,62.0,8.796680497925312,78.15126050420169,56.922868561687366,-,11684.5,11557.4,12430.79260560372,True,False,"{""trend_ma20"": 5, ""trend_ma50"": 5, ""trend_ma200"": 5, ""trend_align_20_50"": 3, ""trend_align_50_200"": 2, ""trend_adx"": 5, ""pat_door_knock"": 10, ""vol_explosion"": 5, ""vol_dryup"": 7, ""vol_today"": 8, ""risk_deduction"": -3}",0,-931068720.0,-14511972840.0,2026-01-20 17:04,2,,0
58,214320,이노션,KOSPI,742400000000,기타,18560.0,17860.0,23.0,10.0,12.0,7,10.0,62.0,3.771551724137931,26.050420168067227,55.4244642887165,-,18431.0,18368.8,19393.28930479745,True,False,"{""trend_ma20"": 5, ""trend_ma50"": 5, ""trend_ma200"": 5, ""trend_align_20_50"": 3, ""trend_adx"": 5, ""pat_door_knock"": 10, ""vol_explosion"": 5, ""vol_dryup"": 7, ""risk_safe"": 10}",0,416097160.0,369520260.0,2026-01-20 17:04,1,,0
57,131290,티에스이,KOSDAQ,735585028500,기타,66500.0,57700.0,25.0,10.0,13.0,9,5.0,62.0,13.233082706766917,57.98319327731093,47.814169020048986,-,60415.0,57311.0,65590.39544724817,True,False,"{""trend_ma20"": 5, ""trend_ma50"": 5, ""trend_ma200"": 5, ""trend_align_20_50"": 3, ""trend_align_50_200"": 2, ""trend_adx"": 5, ""pat_door_knock"": 10, ""vol_dryup"": 5, ""vol_today"": 8, ""risk_deduction"": -5}",1,573872800.0,1756696800.0,2026-01-20 17:04,1,,0
60,117730,티로보틱스,KOSDAQ,619945701600,기타,28400.0,26128.0,25.0,5.0,20.0,3,9.0,62.0,8.0,64.70588235294117,41.18904719374451,B,20619.0,18433.4,24105.102147973783,False,False,"{""trend_ma20"": 5, ""trend_ma50"": 5, ""trend_ma200"": 5, ""trend_align_20_50"": 3, ""trend_align_50_200"": 2, ""trend_adx"": 5, ""pat_setup_b"": 5, ""vol_explosion"": 5, ""vol_dryup"": 7, ""vol_today"": 8, ""risk_deduction"": -1}",0,5813126200.0,-3555045850.0,2026-01-20 17:03,1,,0
59,58610,에스피지,KOSDAQ,2359671104000,기타,106400.0,97888.0,22.0,10.0,12.0,9,9.0,62.0,8.0,81.5126050420168,20.91513372103609,-,87250.0,67310.0,109484.97090866067,True,False,"{""trend_ma20"": 5, ""trend_ma50"": 5, ""trend_ma200"": 5, ""trend_align_20_50"": 3, ""trend_align_50_200"": 2, ""trend_adx"": 2, ""pat_door_knock"": 10, ""vol_explosion"": 5, ""vol_dryup"": 7, ""risk_deduction"": -1}",1,11702875200.0,53778145100.0,2026-01-20 17:04,1,,0
62,458870,씨어스테크놀로지,KOSDAQ,1732692384000,기타,136800.0,125856.0,20.0,10.0,17.0,6,9.0,62.0,8.0,0.0,18.457579011320377,-,121635.0,119952.0,149376.25929123303,False,True,"{""trend_ma20"": 5, ""trend_ma50"": 5, ""trend_ma200"": 5, ""trend_align_20_50"": 3, ""trend_align_50_200"": 2, ""pat_squeeze"": 10, ""vol_explosion"": 5, ""vol_dryup"": 7, ""vol_today"": 5, ""risk_deduction"": -1}",1,-1023700800.0,4325523600.0,2026-01-20 17:04,1,,0
61,6120,SK디스커버리,KOSPI,1144906152000,기타,62400.0,58600.0,17.0,20.0,12.0,4,9.0,62.0,6.089743589743589,5.042016806722689,14.052184457067836,R,60355.0,61152.0,65574.6616874478,True,True,"{""trend_ma20"": 5, ""trend_ma50"": 5, ""trend_ma200"": 5, ""trend_align_50_200"": 2, ""pat_door_knock"": 10, ""pat_squeeze"": 10, ""vol_explosion"": 5, ""vol_dryup"": 7, ""risk_deduction"": -1}",0,-212272100.0,1079482100.0,2026-01-20 17:03,1,,0
64,1060,JW중외제약,KOSPI,678784859500,기타,29150.0,26200.0,23.0,10.0,20.0,3,5.0,61.0,10.120068610634648,68.0672268907563,25.38379682909098,-,27192.5,26481.0,29071.65151304228,True,False,"{""trend_ma20"": 5, ""trend_ma50"": 5, ""trend_ma200"": 5, ""trend_align_20_50"": 3, ""trend_align_50_200"": 2, ""trend_adx"": 3, ""pat_door_knock"": 10, ""vol_explosion"": 5, ""vol_dryup"": 7, ""vol_today"": 8, ""risk_deduction"": -5}",0,2320820150.0,-3284793400.0,2026-01-20 17:03,1,,0
63,22100,포스코DX,KOSPI,6339848199300,기타,41700.0,38364.0,24.0,5.0,20.0,3,9.0,61.0,8.0,100.0,38.15932450967261,B,30907.5,28076.0,35664.15896832814,False,False,"{""trend_ma20"": 5, ""trend_ma50"": 5, ""trend_ma200"": 5, ""trend_align_20_50"": 3, ""trend_align_50_200"": 2, ""trend_adx"": 4, ""pat_setup_b"": 5, ""vol_explosion"": 5, ""vol_dryup"": 7, ""vol_today"": 8, ""risk_deduction"": -1}",0,1607921800.0,-3683167350.0,2026-01-20 17:04,1,,0
66,108490,로보티즈,KOSDAQ,3810078012000,기타,261500.0,233500.0,23.0,10.0,17.0,6,5.0,61.0,10.707456978967496,5.042016806722689,28.563503768962292,-,261075.0,250966.0,311368.75519323355,False,True,"{""trend_ma20"": 5, ""trend_ma50"": 5, ""trend_ma200"": 5, ""trend_align_20_50"": 3, ""trend_align_50_200"": 2, ""trend_adx"": 3, ""pat_squeeze"": 10, ""vol_explosion"": 5, ""vol_dryup"": 7, ""vol_today"": 5, ""risk_deduction"": -5}",1,-10976552000.0,64487910000.0,2026-01-20 17:04,1,,0
65,64400,LG씨엔에스,KOSPI,6762639170400,기타,69800.0,59400.0,22.0,10.0,20.0,4,5.0,61.0,14.899713467048713,46.21848739495798,37.8403342599546,-,63700.0,61628.0,70019.13350746919,True,False,"{""trend_ma20"": 5, ""trend_ma50"": 5, ""trend_ma200"": 5, ""trend_align_20_50"": 3, ""trend_adx"": 4, ""pat_door_knock"": 10, ""vol_explosion"": 5, ""vol_dryup"": 7, ""vol_today"": 8, ""risk_deduction"": -5}",0,-41567273100.0,23037952400.0,2026-01-20 17:04,1,,0
28,114190,강원에너지,KOSDAQ,373559443400,기타,14300.0,13010.0,16.0,10.0,20.0,8,7.0,61.0,9.020979020979022,16.80672268907563,32.60458532899288,-,13597.0,14941.4,18263.389867957478,False,True,"{""trend_ma20"": 5, ""trend_ma200"": 5, ""trend_align_50_200"": 2, ""trend_adx"": 4, ""pat_squeeze"": 10, ""vol_explosion"": 5, ""vol_dryup"": 7, ""vol_today"": 8, ""risk_deduction"": -3}",3,97040600.0,-19648830.0,2026-01-20 17:04,2,,0
27,338840,와이바이오로직스,KOSDAQ,380210929050,기타,25050.0,23050.0,20.0,10.0,17.0,5,9.0,61.0,7.984031936127744,6.722689075630252,15.944978850443745,-,24552.5,24543.0,28276.589345050448,False,True,"{""trend_ma20"": 5, ""trend_ma50"": 5, ""trend_ma200"": 5, ""trend_align_20_50"": 3, ""trend_align_50_200"": 2, ""pat_squeeze"": 10, ""vol_explosion"": 5, ""vol_dryup"": 7, ""vol_today"": 5, ""risk_deduction"": -1}",2,4766622050.0,-2085749700.0,2026-01-20 17:04,2,,0
26,36560,KZ정밀,KOSDAQ,221130000000,기타,14040.0,13630.0,15.0,10.0,20.0,6,10.0,61.0,2.92022792022792,10.92436974789916,47.69485453219151,-,14782.0,14733.0,15815.87661903219,False,True,"{""trend_ma200"": 5, ""trend_align_20_50"": 3, ""trend_align_50_200"": 2, ""trend_adx"": 5, ""pat_squeeze"": 10, ""vol_explosion"": 5, ""vol_dryup"": 7, ""vol_today"": 8, ""risk_safe"": 10}",1,-43979600.0,14110.0,2026-01-20 17:04,2,,0
25,34950,한국기업평가,KOSDAQ,446786577600,기타,98400.0,96000.0,17.0,20.0,12.0,2,10.0,61.0,2.4390243902439024,5.882352941176471,49.93516568153283,R,98380.0,98918.0,100868.3644919466,True,True,"{""trend_ma20"": 5, ""trend_ma200"": 5, ""trend_align_50_200"": 2, ""trend_adx"": 5, ""pat_door_knock"": 10, ""pat_squeeze"": 10, ""vol_explosion"": 5, ""vol_dryup"": 7, ""risk_safe"": 10}",2,-89370600.0,-329341700.0,2026-01-20 17:04,2,,0
68,12510,더존비즈온,KOSPI,2971436275200,기타,97800.0,89900.0,22.0,10.0,17.0,5,7.0,61.0,8.077709611451942,22.689075630252105,41.27332794923229,-,89940.0,90648.0,98512.95077181992,True,False,"{""trend_ma20"": 5, ""trend_ma50"": 5, ""trend_ma200"": 5, ""trend_align_50_200"": 2, ""trend_adx"": 5, ""pat_door_knock"": 10, ""vol_explosion"": 5, ""vol_dryup"": 7, ""vol_today"": 5, ""risk_deduction"": -3}",1,14823067500.0,-1512809400.0,2026-01-20 17:04,1,,0
67,68270,셀트리온,KOSPI,47808920583000,기타,207000.0,202500.0,25.0,10.0,8.0,8,10.0,61.0,2.1739130434782608,89.91596638655462,49.67160161452599,-,201085.0,191284.0,214602.79693917575,True,False,"{""trend_ma20"": 5, ""trend_ma50"": 5, ""trend_ma200"": 5, ""trend_align_20_50"": 3, ""trend_align_50_200"": 2, ""trend_adx"": 5, ""pat_door_knock"": 10, ""vol_explosion"": 5, ""vol_dryup"": 3, ""risk_safe"": 10}",3,81403139000.0,-13835134500.0,2026-01-20 17:04,1,,0
24,110990,디아이티,KOSDAQ,333585000000,기타,17650.0,16870.0,25.0,10.0,10.0,6,10.0,61.0,4.419263456090651,63.8655462184874,50.17077208579355,-,16580.5,15301.2,18135.5342185992,True,False,"{""trend_ma20"": 5, ""trend_ma50"": 5, ""trend_ma200"": 5, ""trend_align_20_50"": 3, ""trend_align_50_200"": 2, ""trend_adx"": 5, ""pat_door_knock"": 10, ""vol_explosion"": 5, ""vol_dryup"": 5, ""risk_safe"": 10}",1,-595196190.0,1187265920.0,2026-01-20 17:04,2,,0
31,484810,티엑스알로보틱스,KOSDAQ,292022293500,기타,18900.0,17388.0,23.0,10.0,15.0,4,9.0,61.0,8.0,24.369747899159663,41.613331753832746,-,16721.5,15558.2,18745.16730460769,True,False,"{""trend_ma20"": 5, ""trend_ma50"": 5, ""trend_ma200"": 5, ""trend_align_20_50"": 3, ""trend_adx"": 5, ""pat_door_knock"": 10, ""vol_explosion"": 5, ""vol_dryup"": 7, ""vol_today"": 3, ""risk_deduction"": -1}",0,-1681021470.0,178023230.0,2026-01-20 17:04,2,,0
30,210980,SK디앤디,KOSPI,236440751400,기타,12700.0,12570.0,15.0,20.0,12.0,4,10.0,61.0,1.0236220472440944,8.403361344537815,51.84214190720441,R,12835.0,12728.2,13071.147882334237,True,True,"{""trend_ma200"": 5, ""trend_align_20_50"": 3, ""trend_align_50_200"": 2, ""trend_adx"": 5, ""pat_door_knock"": 10, ""pat_squeeze"": 10, ""vol_explosion"": 5, ""vol_dryup"": 7, ""risk_safe"": 10}",0,-328870750.0,492602690.0,2026-01-20 17:04,2,,0
23,130660,한전산업,KOSPI,419562000000,기타,12870.0,11840.4,19.0,10.0,16.0,7,9.0,61.0,8.0,62.18487394957983,33.29255632364333,-,10873.5,11155.8,12742.288923857695,True,False,"{""trend_ma20"": 5, ""trend_ma50"": 5, ""trend_ma200"": 5, ""trend_adx"": 4, ""pat_door_knock"": 10, ""vol_explosion"": 5, ""vol_dryup"": 3, ""vol_today"": 8, ""risk_deduction"": -1}",0,1417864640.0,267515920.0,2026-01-20 17:04,2,,0
29,232680,라온테크,KOSDAQ,203054590800,기타,16200.0,14904.0,25.0,10.0,13.0,4,9.0,61.0,8.0,100.0,75.58832295974621,-,13717.5,10386.0,15944.561631473734,True,False,"{""trend_ma20"": 5, ""trend_ma50"": 5, ""trend_ma200"": 5, ""trend_align_20_50"": 3, ""trend_align_50_200"": 2, ""trend_adx"": 5, ""pat_door_knock"": 10, ""vol_explosion"": 5, ""vol_dryup"": 5, ""vol_today"": 3, ""risk_deduction"": -1}",0,-171512520.0,84987640.0,2026-01-20 17:04,2,,0
69,28300,HLB,KOSDAQ,6915454268700,기타,52100.0,49600.0,25.0,20.0,5.0,0,10.0,60.0,4.798464491362764,10.084033613445378,49.903389253073534,R,50882.5,49067.0,54516.01126455646,True,True,"{""trend_ma20"": 5, ""trend_ma50"": 5, ""trend_ma200"": 5, ""trend_align_20_50"": 3, ""trend_align_50_200"": 2, ""trend_adx"": 5, ""pat_door_knock"": 10, ""pat_squeeze"": 10, ""vol_explosion"": 5, ""risk_safe"": 10}",0,-17924937100.0,-9658900600.0,2026-01-20 17:03,1,,0
72,39490,키움증권,KOSPI,8661743901000,기타,320500.0,302500.0,25.0,20.0,3.0,3,9.0,60.0,5.61622464898596,5.882352941176471,51.87215909930048,R,308975.0,292480.0,325335.40126345545,True,True,"{""trend_ma20"": 5, ""trend_ma50"": 5, ""trend_ma200"": 5, ""trend_align_20_50"": 3, ""trend_align_50_200"": 2, ""trend_adx"": 5, ""pat_door_knock"": 10, ""pat_squeeze"": 10, ""vol_dryup"": 3, ""risk_deduction"": -1}",0,1268218000.0,-2593122000.0,2026-01-20 17:04,1,,0
71,4990,롯데지주,KOSPI,3068595182250,기타,29250.0,26950.0,21.0,5.0,16.0,9,9.0,60.0,7.863247863247863,55.46218487394958,39.45161248668295,B,26995.0,28396.0,32366.09962017499,False,False,"{""trend_ma20"": 5, ""trend_ma50"": 5, ""trend_ma200"": 5, ""trend_align_50_200"": 2, ""trend_adx"": 4, ""pat_setup_b"": 5, ""vol_explosion"": 5, ""vol_dryup"": 3, ""vol_today"": 8, ""risk_deduction"": -1}",1,4423617750.0,874627700.0,2026-01-20 17:04,1,,0
70,1120,LX인터내셔널,KOSPI,1459314000000,기타,37650.0,34638.0,24.0,0.0,20.0,7,9.0,60.0,8.0,82.3529411764706,31.670414601592903,-,33277.5,32357.0,35379.072665039625,False,False,"{""trend_ma20"": 5, ""trend_ma50"": 5, ""trend_ma200"": 5, ""trend_align_20_50"": 3, ""trend_align_50_200"": 2, ""trend_adx"": 4, ""vol_explosion"": 5, ""vol_dryup"": 7, ""vol_today"": 8, ""risk_deduction"": -1}",0,14964642300.0,4630873750.0,2026-01-20 17:04,1,,0
73,71050,한국금융지주,KOSPI,10197856536000,기타,183000.0,165000.0,25.0,20.0,3.0,5,7.0,60.0,9.836065573770492,5.882352941176471,42.90148108852115,R,169330.0,165244.0,182871.48477762312,True,True,"{""trend_ma20"": 5, ""trend_ma50"": 5, ""trend_ma200"": 5, ""trend_align_20_50"": 3, ""trend_align_50_200"": 2, ""trend_adx"": 5, ""pat_door_knock"": 10, ""pat_squeeze"": 10, ""vol_dryup"": 3, ""risk_deduction"": -3}",2,19118609300.0,-5027729300.0,2026-01-20 17:04,1,,0
33,14830,유니드,KOSPI,483206640000,기타,71400.0,64600.0,16.0,20.0,8.0,9,7.0,60.0,9.523809523809524,0.0,27.12438250646831,R,68580.0,67364.0,72181.9909662702,True,True,"{""trend_ma20"": 5, ""trend_ma50"": 5, ""trend_align_20_50"": 3, ""trend_adx"": 3, ""pat_door_knock"": 10, ""pat_squeeze"": 10, ""vol_dryup"": 3, ""vol_today"": 5, ""risk_deduction"": -3}",1,333611200.0,708433500.0,2026-01-20 17:04,2,,0
34,79960,동양이엔피,KOSDAQ,222831000000,기타,28350.0,24500.0,23.0,10.0,18.0,4,5.0,60.0,13.580246913580249,94.95798319327731,26.408890033269785,-,26162.5,24892.0,28249.303718661427,True,False,"{""trend_ma20"": 5, ""trend_ma50"": 5, ""trend_ma200"": 5, ""trend_align_20_50"": 3, ""trend_align_50_200"": 2, ""trend_adx"": 3, ""pat_door_knock"": 10, ""vol_explosion"": 5, ""vol_dryup"": 5, ""vol_today"": 8, ""risk_deduction"": -5}",0,-302819850.0,29841750.0,2026-01-20 17:04,2,,0
74,267270,HD현대건설기계,KOSPI,2010011585400,기타,115800.0,103500.0,25.0,10.0,15.0,5,5.0,60.0,10.621761658031089,63.8655462184874,52.1967584806345,-,107585.0,100586.0,119682.18694515336,True,False,"{""trend_ma20"": 5, ""trend_ma50"": 5, ""trend_ma200"": 5, ""trend_align_20_50"": 3, ""trend_align_50_200"": 2, ""trend_adx"": 5, ""pat_door_knock"": 10, ""vol_explosion"": 5, ""vol_dryup"": 7, ""vol_today"": 3, ""risk_deduction"": -5}",2,83773900.0,-6389881400.0,2026-01-20 17:04,1,,0
32,274090,켄코아에어로스페이스,KOSDAQ,296706563600,기타,22450.0,19150.0,25.0,10.0,12.0,8,5.0,60.0,14.69933184855234,100.0,75.83662326774989,-,19202.0,13933.6,22207.71872090683,True,False,"{""trend_ma20"": 5, ""trend_ma50"": 5, ""trend_ma200"": 5, ""trend_align_20_50"": 3, ""trend_align_50_200"": 2, ""trend_adx"": 5, ""pat_door_knock"": 10, ""vol_explosion"": 5, ""vol_dryup"": 7, ""risk_deduction"": -5}",3,1410983120.0,-2546481030.0,2026-01-20 17:04,2,,0
35,270660,에브리봇,KOSDAQ,298636429600,기타,23600.0,20500.0,25.0,10.0,17.0,3,5.0,60.0,13.135593220338984,66.38655462184875,43.25683219420119,-,21776.0,20236.2,23534.641743149798,True,False,"{""trend_ma20"": 5, ""trend_ma50"": 5, ""trend_ma200"": 5, ""trend_align_20_50"": 3, ""trend_align_50_200"": 2, ""trend_adx"": 5, ""pat_door_knock"": 10, ""vol_explosion"": 5, ""vol_dryup"": 7, ""vol_today"": 5, ""risk_deduction"": -5}",0,5506051350.0,-4484998750.0,2026-01-20 17:04,2,,0
36,32940,원익,KOSDAQ,250702709400,기타,13780.0,11890.0,25.0,10.0,12.0,8,5.0,60.0,13.7155297532656,100.0,69.62216352751595,-,11578.0,9034.0,14081.07299281309,True,False,"{""trend_ma20"": 5, ""trend_ma50"": 5, ""trend_ma200"": 5, ""trend_align_20_50"": 3, ""trend_align_50_200"": 2, ""trend_adx"": 5, ""pat_door_knock"": 10, ""vol_explosion"": 5, ""vol_dryup"": 7, ""risk_deduction"": -5}",3,1669095880.0,-104732590.0,2026-01-20 17:04,2,,0
37,53610,프로텍,KOSDAQ,394900000000,기타,35900.0,34250.0,24.0,10.0,10.0,6,10.0,60.0,4.596100278551532,26.89075630252101,30.25403849588229,-,35097.5,34375.0,37457.66721097056,True,False,"{""trend_ma20"": 5, ""trend_ma50"": 5, ""trend_ma200"": 5, ""trend_align_20_50"": 3, ""trend_align_50_200"": 2, ""trend_adx"": 4, ""pat_door_knock"": 10, ""vol_explosion"": 5, ""vol_dryup"": 5, ""risk_safe"": 10}",1,-638111600.0,334254600.0,2026-01-20 17:04,2,,0
76,298040,효성중공업,KOSPI,21856740512000,기타,2344000.0,2156480.0,21.0,20.0,3.0,6,9.0,59.0,8.0,3.361344537815126,34.223725963353644,R,1964900.0,1986000.0,2343965.083177561,True,True,"{""trend_ma20"": 5, ""trend_ma50"": 5, ""trend_ma200"": 5, ""trend_align_50_200"": 2, ""trend_adx"": 4, ""pat_door_knock"": 10, ""pat_squeeze"": 10, ""vol_dryup"": 3, ""risk_deduction"": -1}",1,-34592424000.0,80577643000.0,2026-01-20 17:04,1,,0
80,75580,세진중공업,KOSPI,1139831592800,기타,20050.0,18290.0,24.0,10.0,12.0,6,7.0,59.0,8.778054862842893,0.8403361344537815,39.89103222649869,-,18906.5,18642.4,22575.10562027273,False,True,"{""trend_ma20"": 5, ""trend_ma50"": 5, ""trend_ma200"": 5, ""trend_align_20_50"": 3, ""trend_align_50_200"": 2, ""trend_adx"": 4, ""pat_squeeze"": 10, ""vol_explosion"": 5, ""vol_dryup"": 7, ""risk_deduction"": -3}",1,-510222920.0,542318230.0,2026-01-20 17:04,1,,0
75,5380,현대차,KOSPI,98078969914000,기타,479000.0,440680.0,25.0,5.0,16.0,4,9.0,59.0,8.0,100.0,69.65925730165482,B,348800.0,305650.0,404965.5415292354,False,False,"{""trend_ma20"": 5, ""trend_ma50"": 5, ""trend_ma200"": 5, ""trend_align_20_50"": 3, ""trend_align_50_200"": 2, ""trend_adx"": 5, ""pat_setup_b"": 5, ""vol_explosion"": 5, ""vol_dryup"": 3, ""vol_today"": 8, ""risk_deduction"": -1}",0,-708243849500.0,34852226000.0,2026-01-20 17:04,1,,0
78,166090,하나머티리얼즈,KOSDAQ GLOBAL,1028439048000,기타,52000.0,45350.0,25.0,10.0,13.0,6,5.0,59.0,12.788461538461537,55.46218487394958,46.2815810223891,-,47397.5,44440.0,52095.7013003735,True,False,"{""trend_ma20"": 5, ""trend_ma50"": 5, ""trend_ma200"": 5, ""trend_align_20_50"": 3, ""trend_align_50_200"": 2, ""trend_adx"": 5, ""pat_door_knock"": 10, ""vol_explosion"": 5, ""vol_dryup"": 3, ""vol_today"": 5, ""risk_deduction"": -5}",1,-3901248900.0,6855312700.0,2026-01-20 17:04,1,,0
77,3540,대신증권,KOSPI,1411500520000,기타,27800.0,25500.0,20.0,13.0,16.0,3,7.0,59.0,8.273381294964029,10.92436974789916,25.37021598156091,C,26967.5,27413.0,29599.798547773746,False,True,"{""trend_ma20"": 5, ""trend_ma50"": 5, ""trend_ma200"": 5, ""trend_align_50_200"": 2, ""trend_adx"": 3, ""pat_squeeze"": 10, ""pat_setup_c"": 3, ""vol_explosion"": 5, ""vol_dryup"": 3, ""vol_today"": 8, ""risk_deduction"": -3}",0,6153290300.0,-1981229950.0,2026-01-20 17:04,1,,0
82,11200,HMM,KOSPI,19760835471500,기타,20950.0,19580.0,16.0,23.0,11.0,0,9.0,59.0,6.539379474940334,0.8403361344537815,25.592985144483283,C,20312.5,20036.4,21332.326951113893,True,True,"{""trend_ma20"": 5, ""trend_ma50"": 5, ""trend_align_20_50"": 3, ""trend_adx"": 3, ""pat_door_knock"": 10, ""pat_squeeze"": 10, ""pat_setup_c"": 3, ""vol_dryup"": 3, ""vol_today"": 8, ""risk_deduction"": -1}",0,-15279909940.0,-10559192890.0,2026-01-20 17:03,1,,0
83,307950,현대오토에버,KOSPI,12793287603000,기타,466500.0,429180.0,25.0,10.0,10.0,5,9.0,59.0,8.0,100.0,66.12618779947904,-,386075.0,290862.0,474458.4979599557,True,False,"{""trend_ma20"": 5, ""trend_ma50"": 5, ""trend_ma200"": 5, ""trend_align_20_50"": 3, ""trend_align_50_200"": 2, ""trend_adx"": 5, ""pat_door_knock"": 10, ""vol_explosion"": 5, ""vol_dryup"": 5, ""risk_deduction"": -1}",1,22165767500.0,-28018968500.0,2026-01-20 17:04,1,,0
81,57050,현대홈쇼핑,KOSPI,652800000000,기타,54400.0,51700.0,17.0,13.0,11.0,8,10.0,59.0,4.963235294117647,52.10084033613445,50.08390201028294,C,53845.0,54714.0,57192.880548732304,True,False,"{""trend_ma20"": 5, ""trend_ma200"": 5, ""trend_align_50_200"": 2, ""trend_adx"": 5, ""pat_door_knock"": 10, ""pat_setup_c"": 3, ""vol_dryup"": 3, ""vol_today"": 8, ""risk_safe"": 10}",4,442822800.0,-1457391500.0,2026-01-20 17:04,1,,0
79,241560,두산밥캣,KOSPI,5837634358500,기타,60900.0,56500.0,23.0,10.0,13.0,4,9.0,59.0,7.224958949096879,36.97478991596638,27.029329601301907,-,59400.0,58548.0,63871.84627606333,True,False,"{""trend_ma20"": 5, ""trend_ma50"": 5, ""trend_ma200"": 5, ""trend_align_20_50"": 3, ""trend_align_50_200"": 2, ""trend_adx"": 3, ""pat_door_knock"": 10, ""vol_explosion"": 5, ""vol_dryup"": 5, ""vol_today"": 3, ""risk_deduction"": -1}",0,-1935223300.0,246344000.0,2026-01-20 17:04,1,,0
44,344820,KCC글라스,KOSPI,432002349600,기타,27050.0,25000.0,14.0,20.0,11.0,5,9.0,59.0,7.578558225508318,15.126050420168069,38.57317095378959,R,26180.0,26612.0,27783.1064425279,True,True,"{""trend_ma20"": 5, ""trend_ma50"": 5, ""trend_adx"": 4, ""pat_door_knock"": 10, ""pat_squeeze"": 10, ""vol_dryup"": 3, ""vol_today"": 8, ""risk_deduction"": -1}",2,256386450.0,-1279258150.0,2026-01-20 17:04,2,,0
43,54450,텔레칩스,KOSDAQ,240793304700,기타,15900.0,14500.0,25.0,10.0,12.0,5,7.0,59.0,8.80503144654088,100.0,52.118154249968725,-,15042.5,13488.2,16410.66037036351,True,False,"{""trend_ma20"": 5, ""trend_ma50"": 5, ""trend_ma200"": 5, ""trend_align_20_50"": 3, ""trend_align_50_200"": 2, ""trend_adx"": 5, ""pat_door_knock"": 10, ""vol_explosion"": 5, ""vol_dryup"": 7, ""risk_deduction"": -3}",1,1542357760.0,-342225360.0,2026-01-20 17:04,2,,0
42,126700,하이비젼시스템,KOSDAQ,244751794560,기타,16380.0,15110.0,20.0,10.0,8.0,12,9.0,59.0,7.753357753357753,42.85714285714285,15.246080533925,-,15951.5,15629.6,16631.54828140325,True,False,"{""trend_ma20"": 5, ""trend_ma50"": 5, ""trend_ma200"": 5, ""trend_align_20_50"": 3, ""trend_align_50_200"": 2, ""pat_door_knock"": 10, ""vol_today"": 8, ""risk_deduction"": -1}",4,1482368660.0,181923680.0,2026-01-20 17:05,2,,0
41,42370,비츠로테크,KOSDAQ,299204285500,기타,11420.0,10506.4,25.0,5.0,20.0,0,9.0,59.0,8.0,100.0,41.09949295393477,B,9661.0,8963.8,10521.45244062719,False,False,"{""trend_ma20"": 5, ""trend_ma50"": 5, ""trend_ma200"": 5, ""trend_align_20_50"": 3, ""trend_align_50_200"": 2, ""trend_adx"": 5, ""pat_setup_b"": 5, ""vol_explosion"": 5, ""vol_dryup"": 7, ""vol_today"": 8, ""risk_deduction"": -1}",0,-3035359290.0,-168292440.0,2026-01-20 17:04,2,,0
40,95500,미래나노텍,KOSDAQ,330256489350,기타,10650.0,10100.0,14.0,10.0,17.0,9,9.0,59.0,5.164319248826291,0.0,22.865035498430185,-,10550.0,11533.8,13479.553987689753,False,True,"{""trend_ma20"": 5, ""trend_ma200"": 5, ""trend_align_50_200"": 2, ""trend_adx"": 2, ""pat_squeeze"": 10, ""vol_explosion"": 5, ""vol_dryup"": 7, ""vol_today"": 5, ""risk_deduction"": -1}",1,133835850.0,31310090.0,2026-01-20 17:05,2,,0
39,448900,한국피아이엠,KOSDAQ,463544080400,기타,77200.0,71024.0,24.0,10.0,8.0,8,9.0,59.0,8.0,49.57983193277311,30.856855445510607,-,60120.0,53362.0,79825.342352542,True,False,"{""trend_ma20"": 5, ""trend_ma50"": 5, ""trend_ma200"": 5, ""trend_align_20_50"": 3, ""trend_align_50_200"": 2, ""trend_adx"": 4, ""pat_door_knock"": 10, ""vol_explosion"": 5, ""vol_dryup"": 3, ""risk_deduction"": -1}",3,4135596200.0,-586239400.0,2026-01-20 17:04,2,,0
46,190510,나무가,KOSDAQ,341301203100,기타,24300.0,23650.0,25.0,10.0,12.0,2,10.0,59.0,2.674897119341564,100.0,59.67401913340285,-,22246.5,18679.0,25311.4576511328,True,False,"{""trend_ma20"": 5, ""trend_ma50"": 5, ""trend_ma200"": 5, ""trend_align_20_50"": 3, ""trend_align_50_200"": 2, ""trend_adx"": 5, ""pat_door_knock"": 10, ""vol_explosion"": 5, ""vol_dryup"": 7, ""risk_safe"": 10}",1,-1963398700.0,-191956300.0,2026-01-20 17:04,2,,0
45,230360,에코마케팅,KOSDAQ,491330314300,기타,15850.0,15770.0,25.0,10.0,10.0,4,10.0,59.0,0.5047318611987383,76.47058823529412,71.00861820972445,-,14138.0,12259.6,16024.427297235015,True,False,"{""trend_ma20"": 5, ""trend_ma50"": 5, ""trend_ma200"": 5, ""trend_align_20_50"": 3, ""trend_align_50_200"": 2, ""trend_adx"": 5, ""pat_door_knock"": 10, ""vol_explosion"": 5, ""vol_dryup"": 5, ""risk_safe"": 10}",0,-7097774670.0,11882530500.0,2026-01-20 17:04,2,,0
38,171090,선익시스템,KOSDAQ,504847411200,기타,52800.0,48576.0,23.0,5.0,16.0,6,9.0,59.0,8.0,41.1764705882353,28.69812918075936,B,50882.5,50715.0,58238.66247695912,False,False,"{""trend_ma20"": 5, ""trend_ma50"": 5, ""trend_ma200"": 5, ""trend_align_20_50"": 3, ""trend_align_50_200"": 2, ""trend_adx"": 3, ""pat_setup_b"": 5, ""vol_explosion"": 5, ""vol_dryup"": 3, ""vol_today"": 8, ""risk_deduction"": -1}",1,-1074143050.0,2896650050.0,2026-01-20 17:04,2,,0
86,455900,엔젤로보틱스,KOSDAQ,556980739800,기타,36600.0,33672.0,24.0,0.0,18.0,7,9.0,58.0,8.0,54.6218487394958,32.91953587511029,-,31760.0,30594.0,34993.02168970339,False,False,"{""trend_ma20"": 5, ""trend_ma50"": 5, ""trend_ma200"": 5, ""trend_align_20_50"": 3, ""trend_align_50_200"": 2, ""trend_adx"": 4, ""vol_explosion"": 5, ""vol_dryup"": 5, ""vol_today"": 8, ""risk_deduction"": -1}",0,11913677250.0,5416426850.0,2026-01-20 17:04,1,,0
85,178320,서진시스템,KOSDAQ,1595182115450,기타,28550.0,26266.0,22.0,10.0,11.0,6,9.0,58.0,8.0,52.10084033613445,21.99539823176267,-,26385.0,25509.0,29322.304556031908,True,False,"{""trend_ma20"": 5, ""trend_ma50"": 5, ""trend_ma200"": 5, ""trend_align_20_50"": 3, ""trend_align_50_200"": 2, ""trend_adx"": 2, ""pat_door_knock"": 10, ""vol_dryup"": 3, ""vol_today"": 8, ""risk_deduction"": -1}",2,-3010237300.0,1122450650.0,2026-01-20 17:04,1,,0
89,34230,파라다이스,KOSPI,1609704837780,기타,17420.0,15360.0,20.0,10.0,17.0,6,5.0,58.0,11.82548794489093,0.0,27.19168732987743,-,16568.5,16812.2,19192.394991861693,False,True,"{""trend_ma20"": 5, ""trend_ma50"": 5, ""trend_ma200"": 5, ""trend_align_50_200"": 2, ""trend_adx"": 3, ""pat_squeeze"": 10, ""vol_explosion"": 5, ""vol_dryup"": 7, ""vol_today"": 5, ""risk_deduction"": -5}",2,-808767490.0,6340497860.0,2026-01-20 17:04,1,,0
87,253450,스튜디오드래곤,KOSDAQ GLOBAL,1378182133300,기타,45850.0,41800.0,23.0,10.0,12.0,6,7.0,58.0,8.833151581243184,76.47058823529412,50.55069214915237,-,44110.0,41216.0,46908.186488419575,True,False,"{""trend_ma20"": 5, ""trend_ma50"": 5, ""trend_ma200"": 5, ""trend_align_20_50"": 3, ""trend_adx"": 5, ""pat_door_knock"": 10, ""vol_explosion"": 5, ""vol_dryup"": 7, ""risk_deduction"": -3}",2,-129244200.0,5970287250.0,2026-01-20 17:04,1,,0
88,10120,LS ELECTRIC,KOSPI,15750000000000,기타,525000.0,472000.0,24.0,10.0,13.0,6,5.0,58.0,10.095238095238097,36.97478991596638,30.065518594289,-,491950.0,481670.0,542066.5271227424,True,False,"{""trend_ma20"": 5, ""trend_ma50"": 5, ""trend_ma200"": 5, ""trend_align_20_50"": 3, ""trend_align_50_200"": 2, ""trend_adx"": 4, ""pat_door_knock"": 10, ""vol_explosion"": 5, ""vol_dryup"": 3, ""vol_today"": 5, ""risk_deduction"": -5}",1,-28166588500.0,1270200000.0,2026-01-20 17:04,1,,0
90,180640,한진칼,KOSPI,8705801181600,기타,130400.0,113100.0,25.0,10.0,12.0,6,5.0,58.0,13.266871165644172,79.83193277310924,45.68969828029166,-,121030.0,111864.0,130615.1452105177,True,False,"{""trend_ma20"": 5, ""trend_ma50"": 5, ""trend_ma200"": 5, ""trend_align_20_50"": 3, ""trend_align_50_200"": 2, ""trend_adx"": 5, ""pat_door_knock"": 10, ""vol_explosion"": 5, ""vol_dryup"": 7, ""risk_deduction"": -5}",2,-1132375500.0,7816674600.0,2026-01-20 17:04,1,,0
84,281740,레이크머티리얼즈,KOSDAQ,1049716851560,기타,15970.0,13780.0,20.0,10.0,18.0,5,5.0,58.0,13.713212273011896,57.142857142857146,16.13251775108176,-,14927.5,14389.6,16381.522777290566,True,False,"{""trend_ma20"": 5, ""trend_ma50"": 5, ""trend_ma200"": 5, ""trend_align_20_50"": 3, ""trend_align_50_200"": 2, ""pat_door_knock"": 10, ""vol_explosion"": 5, ""vol_dryup"": 5, ""vol_today"": 8, ""risk_deduction"": -5}",1,122101480.0,-3034959180.0,2026-01-20 17:04,1,,0
49,104700,한국철강,KOSPI,364500000000,기타,10000.0,9680.0,19.0,20.0,3.0,6,10.0,58.0,3.2,9.243697478991596,21.09331779021031,R,9949.0,9984.4,10258.83328042322,True,True,"{""trend_ma20"": 5, ""trend_ma50"": 5, ""trend_ma200"": 5, ""trend_align_50_200"": 2, ""trend_adx"": 2, ""pat_door_knock"": 10, ""pat_squeeze"": 10, ""vol_dryup"": 3, ""risk_safe"": 10}",1,-415654540.0,1586335670.0,2026-01-20 17:04,2,,0
50,361390,제노코,KOSDAQ,232340829600,기타,26400.0,24288.0,25.0,0.0,18.0,6,9.0,58.0,8.0,100.0,67.86871469352567,-,21310.0,17425.0,24366.763283652563,False,False,"{""trend_ma20"": 5, ""trend_ma50"": 5, ""trend_ma200"": 5, ""trend_align_20_50"": 3, ""trend_align_50_200"": 2, ""trend_adx"": 5, ""vol_explosion"": 5, ""vol_dryup"": 5, ""vol_today"": 8, ""risk_deduction"": -1}",1,-73450950.0,157543100.0,2026-01-20 17:04,2,,0
47,474170,루미르,KOSDAQ,241251603840,기타,13540.0,12456.8,25.0,0.0,17.0,7,9.0,58.0,8.0,100.0,81.41655389452158,-,11002.0,9224.0,12618.048513167952,False,False,"{""trend_ma20"": 5, ""trend_ma50"": 5, ""trend_ma200"": 5, ""trend_align_20_50"": 3, ""trend_align_50_200"": 2, ""trend_adx"": 5, ""vol_explosion"": 5, ""vol_dryup"": 7, ""vol_today"": 5, ""risk_deduction"": -1}",0,1464344720.0,368127700.0,2026-01-20 17:04,2,,0
48,80160,모두투어,KOSDAQ,202230000000,기타,10700.0,9820.0,12.0,20.0,11.0,8,7.0,58.0,8.224299065420562,0.0,21.035840516010147,R,10246.0,10367.8,11147.048605864296,True,True,"{""trend_ma20"": 5, ""trend_ma50"": 5, ""trend_adx"": 2, ""pat_door_knock"": 10, ""pat_squeeze"": 10, ""vol_explosion"": 5, ""vol_dryup"": 3, ""vol_today"": 3, ""risk_deduction"": -3}",4,741096670.0,-344028350.0,2026-01-20 17:05,2,,0
51,78350,한양디지텍,KOSDAQ,341474156800,기타,22400.0,20608.0,25.0,5.0,16.0,3,9.0,58.0,8.0,33.61344537815126,49.69862949445873,B,22390.0,21776.6,25291.15322285021,False,False,"{""trend_ma20"": 5, ""trend_ma50"": 5, ""trend_ma200"": 5, ""trend_align_20_50"": 3, ""trend_align_50_200"": 2, ""trend_adx"": 5, ""pat_setup_b"": 5, ""vol_explosion"": 5, ""vol_dryup"": 3, ""vol_today"": 8, ""risk_deduction"": -1}",0,381434100.0,-1401829900.0,2026-01-20 17:04,2,,0
54,9470,삼화전기,KOSPI,202382892000,기타,30600.0,28800.0,20.0,3.0,16.0,9,9.0,57.0,5.88235294117647,30.252100840336134,27.656500061217407,C,30152.5,30286.0,36209.37731154976,False,False,"{""trend_ma20"": 5, ""trend_ma50"": 5, ""trend_ma200"": 5, ""trend_align_50_200"": 2, ""trend_adx"": 3, ""pat_setup_c"": 3, ""vol_explosion"": 5, ""vol_dryup"": 3, ""vol_today"": 8, ""risk_deduction"": -1}",1,230212750.0,234118550.0,2026-01-20 17:05,2,,0
53,29460,케이씨,KOSPI,369813800850,기타,27950.0,27500.0,25.0,10.0,8.0,4,10.0,57.0,1.6100178890876566,34.45378151260504,52.58569440536879,-,27222.5,26032.0,28659.546536796188,True,False,"{""trend_ma20"": 5, ""trend_ma50"": 5, ""trend_ma200"": 5, ""trend_align_20_50"": 3, ""trend_align_50_200"": 2, ""trend_adx"": 5, ""pat_door_knock"": 10, ""vol_explosion"": 5, ""vol_dryup"": 3, ""risk_safe"": 10}",0,-1900020300.0,2619675000.0,2026-01-20 17:04,2,,0
52,49070,인탑스,KOSDAQ,398180000000,기타,23150.0,21298.0,25.0,5.0,16.0,2,9.0,57.0,8.0,100.0,52.3356171006476,B,18903.0,16466.6,21118.61269810673,False,False,"{""trend_ma20"": 5, ""trend_ma50"": 5, ""trend_ma200"": 5, ""trend_align_20_50"": 3, ""trend_align_50_200"": 2, ""trend_adx"": 5, ""pat_setup_b"": 5, ""vol_explosion"": 5, ""vol_dryup"": 3, ""vol_today"": 8, ""risk_deduction"": -1}",2,-3634207130.0,-545673750.0,2026-01-20 17:04,2,,0
91,11210,현대위아,KOSPI,2376850254200,기타,87400.0,74700.0,25.0,10.0,13.0,4,5.0,57.0,14.530892448512589,100.0,65.5002302937779,-,80800.0,69094.0,90082.67764952904,True,False,"{""trend_ma20"": 5, ""trend_ma50"": 5, ""trend_ma200"": 5, ""trend_align_20_50"": 3, ""trend_align_50_200"": 2, ""trend_adx"": 5, ""pat_door_knock"": 10, ""vol_explosion"": 5, ""vol_dryup"": 3, ""vol_today"": 5, ""risk_deduction"": -5}",0,-10253427800.0,4032520000.0,2026-01-20 17:04,1,,0
92,25540,한국단자,KOSPI,749521500000,기타,74100.0,67300.0,22.0,10.0,18.0,0,7.0,57.0,9.176788124156548,100.0,23.8128416241938,-,70415.0,66472.0,74944.80436650295,True,False,"{""trend_ma20"": 5, ""trend_ma50"": 5, ""trend_ma200"": 5, ""trend_align_20_50"": 3, ""trend_align_50_200"": 2, ""trend_adx"": 2, ""pat_door_knock"": 10, ""vol_explosion"": 5, ""vol_dryup"": 5, ""vol_today"": 8, ""risk_deduction"": -3}",0,-44157400.0,-479129600.0,2026-01-20 17:04,1,,0
55,79940,가비아,KOSDAQ,428790853800,기타,31950.0,29900.0,25.0,0.0,12.0,11,9.0,57.0,6.416275430359937,48.739495798319325,41.49224840826236,-,31892.5,30875.0,35089.59589876572,False,False,"{""trend_ma20"": 5, ""trend_ma50"": 5, ""trend_ma200"": 5, ""trend_align_20_50"": 3, ""trend_align_50_200"": 2, ""trend_adx"": 5, ""vol_explosion"": 5, ""vol_dryup"": 7, ""risk_deduction"": -1}",5,331112400.0,-73148850.0,2026-01-20 17:05,2,,0
56,3800,에이스침대,KOSDAQ,350998500000,기타,31650.0,29600.0,20.0,10.0,12.0,6,9.0,57.0,6.477093206951026,68.0672268907563,16.73627757272823,-,31040.0,30610.0,33211.65485476794,True,False,"{""trend_ma20"": 5, ""trend_ma50"": 5, ""trend_ma200"": 5, ""trend_align_20_50"": 3, ""trend_align_50_200"": 2, ""pat_door_knock"": 10, ""vol_explosion"": 5, ""vol_dryup"": 7, ""risk_deduction"": -1}",2,-5682550.0,30850.0,2026-01-20 17:05,2,,0
96,247540,에코프로비엠,KOSDAQ GLOBAL,15657995174400,기타,160100.0,140300.0,21.0,10.0,18.0,2,5.0,56.0,12.367270455965022,4.201680672268908,35.0588574244341,-,151365.0,154866.0,178246.87541726488,False,True,"{""trend_ma20"": 5, ""trend_ma50"": 5, ""trend_ma200"": 5, ""trend_align_50_200"": 2, ""trend_adx"": 4, ""pat_squeeze"": 10, ""vol_explosion"": 5, ""vol_dryup"": 5, ""vol_today"": 8, ""risk_deduction"": -5}",1,-8654082400.0,-2345028400.0,2026-01-20 17:04,1,,0
95,214430,아이쓰리시스템,KOSDAQ,647419249000,기타,88600.0,77600.0,23.0,10.0,13.0,5,5.0,56.0,12.415349887133182,43.69747899159664,62.2067658482174,-,83475.0,75474.0,90902.84295494705,True,False,"{""trend_ma20"": 5, ""trend_ma50"": 5, ""trend_ma200"": 5, ""trend_align_20_50"": 3, ""trend_adx"": 5, ""pat_door_knock"": 10, ""vol_explosion"": 5, ""vol_dryup"": 3, ""vol_today"": 5, ""risk_deduction"": -5}",1,141506600.0,-1996861100.0,2026-01-20 17:04,1,,0
94,60370,LS마린솔루션,KOSDAQ,1538434250300,기타,29450.0,27450.0,18.0,10.0,17.0,2,9.0,56.0,6.791171477079796,10.92436974789916,28.35320629768684,-,29645.0,28946.0,33127.48792729287,False,True,"{""trend_ma50"": 5, ""trend_ma200"": 5, ""trend_align_20_50"": 3, ""trend_align_50_200"": 2, ""trend_adx"": 3, ""pat_squeeze"": 10, ""vol_explosion"": 5, ""vol_dryup"": 7, ""vol_today"": 5, ""risk_deduction"": -1}",1,-1145151800.0,-270209750.0,2026-01-20 17:04,1,,0
93,32500,케이엠더블유,KOSDAQ,627049269880,기타,15320.0,14100.0,17.0,10.0,18.0,2,9.0,56.0,7.963446475195822,15.966386554621849,11.417947250130291,-,15105.0,15195.2,17493.523112475796,False,True,"{""trend_ma20"": 5, ""trend_ma50"": 5, ""trend_ma200"": 5, ""trend_align_50_200"": 2, ""pat_squeeze"": 10, ""vol_explosion"": 5, ""vol_dryup"": 5, ""vol_today"": 8, ""risk_deduction"": -1}",1,-1180408790.0,-13018220.0,2026-01-20 17:04,1,,0
57,214180,헥토이노베이션,KOSDAQ,203995861900,기타,15700.0,15200.0,14.0,10.0,16.0,6,10.0,56.0,3.1847133757961785,12.605042016806722,36.533844927691874,-,16289.5,16199.4,17425.20180060367,False,True,"{""trend_ma200"": 5, ""trend_align_20_50"": 3, ""trend_align_50_200"": 2, ""trend_adx"": 4, ""pat_squeeze"": 10, ""vol_explosion"": 5, ""vol_dryup"": 3, ""vol_today"": 8, ""risk_safe"": 10}",1,-21279340.0,31871120.0,2026-01-20 17:05,2,,0
58,6110,삼아알미늄,KOSPI,364855516800,기타,24800.0,22500.0,17.0,10.0,17.0,5,7.0,56.0,9.274193548387096,0.0,13.81320969815867,-,23982.5,24218.0,26917.77120564473,False,True,"{""trend_ma20"": 5, ""trend_ma50"": 5, ""trend_ma200"": 5, ""trend_align_50_200"": 2, ""pat_squeeze"": 10, ""vol_explosion"": 5, ""vol_dryup"": 7, ""vol_today"": 5, ""risk_deduction"": -3}",1,421212200.0,-63414500.0,2026-01-20 17:05,2,,0
59,272290,이녹스첨단소재,KOSDAQ GLOBAL,508155279000,기타,25500.0,21950.0,21.0,10.0,16.0,4,5.0,56.0,13.92156862745098,47.89915966386555,26.781734632172263,-,23832.5,23826.0,26248.496643115795,True,False,"{""trend_ma20"": 5, ""trend_ma50"": 5, ""trend_ma200"": 5, ""trend_align_20_50"": 3, ""trend_adx"": 3, ""pat_door_knock"": 10, ""vol_explosion"": 5, ""vol_dryup"": 3, ""vol_today"": 8, ""risk_deduction"": -5}",0,-13114764900.0,2247270700.0,2026-01-20 17:04,2,,0
60,94820,일진파워,KOSDAQ,265536065490,기타,17610.0,16201.2,24.0,0.0,20.0,3,9.0,56.0,8.0,100.0,33.277846499521104,-,13334.0,11869.2,14503.484284400096,False,False,"{""trend_ma20"": 5, ""trend_ma50"": 5, ""trend_ma200"": 5, ""trend_align_20_50"": 3, ""trend_align_50_200"": 2, ""trend_adx"": 4, ""vol_explosion"": 5, ""vol_dryup"": 7, ""vol_today"": 8, ""risk_deduction"": -1}",0,307295590.0,-43216310.0,2026-01-20 17:04,2,,0
61,107640,한중엔시에스,KOSDAQ,422879730900,기타,46650.0,40900.0,16.0,13.0,16.0,5,5.0,55.0,12.32583065380493,6.722689075630252,39.19571055228959,C,46205.0,47661.0,54541.7353189458,False,True,"{""trend_ma20"": 5, ""trend_ma200"": 5, ""trend_align_50_200"": 2, ""trend_adx"": 4, ""pat_squeeze"": 10, ""pat_setup_c"": 3, ""vol_explosion"": 5, ""vol_dryup"": 3, ""vol_today"": 8, ""risk_deduction"": -5}",1,60940900.0,-1761439550.0,2026-01-20 17:05,2,,0
62,33530,SJG세종,KOSPI,298240701920,기타,10720.0,9160.0,23.0,10.0,12.0,5,5.0,55.0,14.55223880597015,25.210084033613445,28.95637662360587,-,10251.5,9412.8,11205.792266087965,True,False,"{""trend_ma20"": 5, ""trend_ma50"": 5, ""trend_ma200"": 5, ""trend_align_20_50"": 3, ""trend_align_50_200"": 2, ""trend_adx"": 3, ""pat_door_knock"": 10, ""vol_explosion"": 5, ""vol_dryup"": 7, ""risk_deduction"": -5}",1,2616672660.0,-98800060.0,2026-01-20 17:05,2,,0
98,3670,포스코퓨처엠,KOSPI,18233975100000,기타,205000.0,188600.0,21.0,15.0,8.0,2,9.0,55.0,8.0,15.126050420168069,36.849899411751785,B,189740.0,200832.0,237207.36655872795,False,True,"{""trend_ma20"": 5, ""trend_ma50"": 5, ""trend_ma200"": 5, ""trend_align_50_200"": 2, ""trend_adx"": 4, ""pat_squeeze"": 10, ""pat_setup_b"": 5, ""vol_today"": 8, ""risk_deduction"": -1}",1,-3483486900.0,-5297698700.0,2026-01-20 17:04,1,,0
97,368770,파이버프로,KOSDAQ,514168621250,기타,15650.0,14398.0,25.0,5.0,16.0,0,9.0,55.0,8.0,100.0,58.58555867719719,B,12798.5,9339.8,15195.241843278469,False,False,"{""trend_ma20"": 5, ""trend_ma50"": 5, ""trend_ma200"": 5, ""trend_align_20_50"": 3, ""trend_align_50_200"": 2, ""trend_adx"": 5, ""pat_setup_b"": 5, ""vol_explosion"": 5, ""vol_dryup"": 3, ""vol_today"": 8, ""risk_deduction"": -1}",0,-2891787840.0,-3174866740.0,2026-01-20 17:04,1,,0
63,200710,에이디테크놀로지,KOSDAQ,459676112400,기타,34200.0,30250.0,24.0,10.0,12.0,4,5.0,55.0,11.54970760233918,79.83193277310924,31.81567877363014,-,31792.5,28256.0,35555.49707269042,True,False,"{""trend_ma20"": 5, ""trend_ma50"": 5, ""trend_ma200"": 5, ""trend_align_20_50"": 3, ""trend_align_50_200"": 2, ""trend_adx"": 4, ""pat_door_knock"": 10, ""vol_explosion"": 5, ""vol_dryup"": 7, ""risk_deduction"": -5}",0,-13624396600.0,29317450.0,2026-01-20 17:04,2,,0
99,5940,NH투자증권,KOSPI,8160286050100,기타,22900.0,20750.0,23.0,10.0,11.0,3,7.0,54.0,9.388646288209609,7.563025210084033,26.039246436257383,-,21497.5,21221.6,22355.835519984044,False,True,"{""trend_ma20"": 5, ""trend_ma50"": 5, ""trend_ma200"": 5, ""trend_align_20_50"": 3, ""trend_align_50_200"": 2, ""trend_adx"": 3, ""pat_squeeze"": 10, ""vol_explosion"": 5, ""vol_dryup"": 3, ""vol_today"": 3, ""risk_deduction"": -3}",0,26892703600.0,-2423732500.0,2026-01-20 17:04,1,,0
100,5810,풍산홀딩스,KOSPI,565157846400,기타,39200.0,36200.0,20.0,20.0,5.0,0,9.0,54.0,7.653061224489796,0.0,21.37457574180943,R,38315.0,37654.0,40338.81846014598,True,True,"{""trend_ma20"": 5, ""trend_ma50"": 5, ""trend_ma200"": 5, ""trend_align_20_50"": 3, ""trend_adx"": 2, ""pat_door_knock"": 10, ""pat_squeeze"": 10, ""vol_today"": 5, ""risk_deduction"": -1}",0,-298883800.0,-877369400.0,2026-01-20 17:04,1,,0
64,58430,포스코스틸리온,KOSPI,246900000000,기타,41150.0,35850.0,22.0,10.0,8.0,9,5.0,54.0,12.879708383961116,43.69747899159664,30.560153881942835,-,38917.5,38549.0,40903.872699123305,True,False,"{""trend_ma20"": 5, ""trend_ma50"": 5, ""trend_ma200"": 5, ""trend_align_20_50"": 3, ""trend_adx"": 4, ""pat_door_knock"": 10, ""vol_explosion"": 5, ""vol_dryup"": 3, ""risk_deduction"": -5}",2,1039640050.0,277843200.0,2026-01-20 17:05,2,,0
65,16610,DB증권,KOSPI,485586690160,기타,11440.0,11080.0,24.0,10.0,10.0,0,10.0,54.0,3.146853146853147,32.77310924369748,30.614486712592047,-,11312.5,10764.8,11888.112758256812,True,False,"{""trend_ma20"": 5, ""trend_ma50"": 5, ""trend_ma200"": 5, ""trend_align_20_50"": 3, ""trend_align_50_200"": 2, ""trend_adx"": 4, ""pat_door_knock"": 10, ""vol_explosion"": 5, ""vol_dryup"": 5, ""risk_safe"": 10}",0,-495341990.0,-236571730.0,2026-01-20 17:04,2,,0
66,11500,한농화성,KOSPI,268957122400,기타,17200.0,14730.0,19.0,10.0,20.0,0,5.0,54.0,14.36046511627907,60.50420168067227,22.76236048605915,-,15445.5,15488.4,17157.42943010341,True,False,"{""trend_ma20"": 5, ""trend_ma50"": 5, ""trend_ma200"": 5, ""trend_align_50_200"": 2, ""trend_adx"": 2, ""pat_door_knock"": 10, ""vol_explosion"": 5, ""vol_dryup"": 7, ""vol_today"": 8, ""risk_deduction"": -5}",0,-35759380.0,-3217690.0,2026-01-20 17:04,2,,0
67,126720,수산인더스트리,KOSPI,387150600000,기타,27100.0,24932.0,22.0,0.0,16.0,7,9.0,54.0,8.0,66.38655462184875,30.189264167549396,-,22320.0,21621.0,24113.64396566384,False,False,"{""trend_ma20"": 5, ""trend_ma50"": 5, ""trend_ma200"": 5, ""trend_align_20_50"": 3, ""trend_adx"": 4, ""vol_explosion"": 5, ""vol_dryup"": 3, ""vol_today"": 8, ""risk_deduction"": -1}",0,588949850.0,1965140350.0,2026-01-20 17:05,2,,0
68,3200,일신방직,KOSPI,282867200000,기타,12320.0,10970.0,22.0,3.0,20.0,4,5.0,54.0,10.957792207792208,36.97478991596638,49.29018953687629,C,12067.5,12289.2,13566.518401847456,False,False,"{""trend_ma20"": 5, ""trend_ma50"": 5, ""trend_ma200"": 5, ""trend_align_50_200"": 2, ""trend_adx"": 5, ""pat_setup_c"": 3, ""vol_explosion"": 5, ""vol_dryup"": 7, ""vol_today"": 8, ""risk_deduction"": -5}",0,-38077790.0,132462330.0,2026-01-20 17:05,2,,0
69,170920,엘티씨,KOSDAQ,246144135800,기타,23300.0,20750.0,25.0,10.0,10.0,4,5.0,54.0,10.944206008583691,57.142857142857146,63.00907011797,-,20953.0,18687.8,23532.416672054555,True,False,"{""trend_ma20"": 5, ""trend_ma50"": 5, ""trend_ma200"": 5, ""trend_align_20_50"": 3, ""trend_align_50_200"": 2, ""trend_adx"": 5, ""pat_door_knock"": 10, ""vol_explosion"": 5, ""vol_dryup"": 5, ""risk_deduction"": -5}",0,-5424633950.0,1417798050.0,2026-01-20 17:05,2,,0
70,37710,광주신세계,KOSPI,247866468500,기타,31150.0,30400.0,15.0,10.0,10.0,8,10.0,53.0,2.4077046548956664,34.45378151260504,59.85475791740578,-,31362.5,31240.0,32358.555625358,True,False,"{""trend_ma200"": 5, ""trend_align_20_50"": 3, ""trend_align_50_200"": 2, ""trend_adx"": 5, ""pat_door_knock"": 10, ""vol_dryup"": 7, ""vol_today"": 3, ""risk_safe"": 10}",4,399674300.0,-143634650.0,2026-01-20 17:05,2,,0
71,4310,현대약품,KOSPI,421440000000,기타,13170.0,12116.4,25.0,0.0,12.0,7,9.0,53.0,8.0,100.0,51.33730344342606,-,8998.5,6331.2,11234.029279146283,False,False,"{""trend_ma20"": 5, ""trend_ma50"": 5, ""trend_ma200"": 5, ""trend_align_20_50"": 3, ""trend_align_50_200"": 2, ""trend_adx"": 5, ""vol_explosion"": 5, ""vol_dryup"": 7, ""risk_deduction"": -1}",0,8590653680.0,1881670.0,2026-01-20 17:05,2,,0
72,140670,알에스오토메이션,KOSDAQ,266426680000,기타,20750.0,19090.0,25.0,0.0,13.0,5,9.0,52.0,8.0,100.0,52.38445138511285,-,17854.0,15085.8,19842.38747878243,False,False,"{""trend_ma20"": 5, ""trend_ma50"": 5, ""trend_ma200"": 5, ""trend_align_20_50"": 3, ""trend_align_50_200"": 2, ""trend_adx"": 5, ""vol_explosion"": 5, ""vol_dryup"": 5, ""vol_today"": 3, ""risk_deduction"": -1}",2,1551745280.0,-1059721800.0,2026-01-20 17:05,2,,0
73,41920,메디아나,KOSDAQ,248472259280,기타,13360.0,11380.0,25.0,10.0,12.0,0,5.0,52.0,14.820359281437126,100.0,53.85376127178131,-,11323.0,8467.0,13981.22040766243,True,False,"{""trend_ma20"": 5, ""trend_ma50"": 5, ""trend_ma200"": 5, ""trend_align_20_50"": 3, ""trend_align_50_200"": 2, ""trend_adx"": 5, ""pat_door_knock"": 10, ""vol_explosion"": 5, ""vol_dryup"": 7, ""risk_deduction"": -5}",0,-5697564680.0,-958952350.0,2026-01-20 17:04,2,,0
74,260970,에스앤디,KOSDAQ,204806983200,기타,70800.0,64200.0,14.0,10.0,17.0,4,7.0,52.0,9.322033898305085,0.0,32.214221352260594,-,69300.0,69942.0,78241.1779241577,False,True,"{""trend_ma20"": 5, ""trend_ma50"": 5, ""trend_adx"": 4, ""pat_squeeze"": 10, ""vol_explosion"": 5, ""vol_dryup"": 7, ""vol_today"": 5, ""risk_deduction"": -3}",0,-1241637800.0,1621343400.0,2026-01-20 17:05,2,,0
75,199820,제일일렉트릭,KOSDAQ,229977000000,기타,10350.0,9340.0,23.0,0.0,17.0,5,7.0,52.0,9.758454106280192,34.45378151260504,51.44714428064746,-,9534.5,9485.0,11130.822382721704,False,False,"{""trend_ma20"": 5, ""trend_ma50"": 5, ""trend_ma200"": 5, ""trend_align_20_50"": 3, ""trend_adx"": 5, ""vol_explosion"": 5, ""vol_dryup"": 7, ""vol_today"": 5, ""risk_deduction"": -3}",1,23273060.0,-7865390.0,2026-01-20 17:05,2,,0
76,7860,서연,KOSPI,254051912080,기타,10820.0,9954.4,25.0,0.0,11.0,7,9.0,52.0,8.0,50.42016806722689,49.86846552906504,-,9840.5,9684.8,10501.928012465438,False,False,"{""trend_ma20"": 5, ""trend_ma50"": 5, ""trend_ma200"": 5, ""trend_align_20_50"": 3, ""trend_align_50_200"": 2, ""trend_adx"": 5, ""vol_explosion"": 5, ""vol_dryup"": 3, ""vol_today"": 3, ""risk_deduction"": -1}",0,392049020.0,378816460.0,2026-01-20 17:05,2,,0
77,376270,HEM파마,KOSDAQ,379359531000,기타,53000.0,48760.0,24.0,0.0,12.0,7,9.0,52.0,8.0,73.94957983193277,37.76141742106732,-,48865.0,44503.0,60885.68527379661,False,False,"{""trend_ma20"": 5, ""trend_ma50"": 5, ""trend_ma200"": 5, ""trend_align_20_50"": 3, ""trend_align_50_200"": 2, ""trend_adx"": 4, ""vol_explosion"": 5, ""vol_dryup"": 7, ""risk_deduction"": -1}",0,677106500.0,685859700.0,2026-01-20 17:05,2,,0
78,450950,아스테라시스,KOSDAQ,481966132200,기타,12850.0,12230.0,14.0,10.0,12.0,6,10.0,52.0,4.824902723735409,19.327731092436974,23.97276634591818,-,12752.0,13368.4,16148.947621090563,False,True,"{""trend_ma20"": 5, ""trend_ma200"": 5, ""trend_align_50_200"": 2, ""trend_adx"": 2, ""pat_squeeze"": 10, ""vol_explosion"": 5, ""vol_dryup"": 7, ""risk_safe"": 10}",1,-924666880.0,414918890.0,2026-01-20 17:05,2,,0
79,134380,미원화학,KOSPI,215748190800,기타,98100.0,94100.0,20.0,10.0,12.0,0,10.0,52.0,4.077471967380224,100.0,17.143889079028835,-,95385.0,91768.0,99539.38614878434,True,False,"{""trend_ma20"": 5, ""trend_ma50"": 5, ""trend_ma200"": 5, ""trend_align_20_50"": 3, ""trend_align_50_200"": 2, ""pat_door_knock"": 10, ""vol_explosion"": 5, ""vol_dryup"": 7, ""risk_safe"": 10}",0,0.0,-131560900.0,2026-01-20 17:04,2,,0
80,92230,KPX홀딩스,KOSPI,302907118200,기타,71700.0,65964.0,12.0,5.0,20.0,5,9.0,51.0,8.0,73.10924369747899,48.832109257682994,B,72545.0,72744.0,78129.33541909643,False,False,"{""trend_ma200"": 5, ""trend_align_50_200"": 2, ""trend_adx"": 5, ""pat_setup_b"": 5, ""vol_explosion"": 5, ""vol_dryup"": 7, ""vol_today"": 8, ""risk_deduction"": -1}",1,174867600.0,-155340700.0,2026-01-20 17:05,2,,0
81,92460,한라IMS,KOSDAQ,290351269600,기타,16970.0,16210.0,15.0,10.0,12.0,4,10.0,51.0,4.478491455509722,6.722689075630252,14.96130530019392,-,17236.5,16736.2,18904.87132750183,False,True,"{""trend_ma50"": 5, ""trend_ma200"": 5, ""trend_align_20_50"": 3, ""trend_align_50_200"": 2, ""pat_squeeze"": 10, ""vol_explosion"": 5, ""vol_dryup"": 7, ""risk_safe"": 10}",0,-1222135410.0,161181360.0,2026-01-20 17:05,2,,0
82,354320,알멕,KOSDAQ,277705504450,기타,43450.0,39974.0,25.0,0.0,10.0,7,9.0,51.0,8.0,100.0,80.2624322204232,-,29140.0,23607.8,37530.14968203475,False,False,"{""trend_ma20"": 5, ""trend_ma50"": 5, ""trend_ma200"": 5, ""trend_align_20_50"": 3, ""trend_align_50_200"": 2, ""trend_adx"": 5, ""vol_explosion"": 5, ""vol_dryup"": 5, ""risk_deduction"": -1}",0,177514900.0,144864600.0,2026-01-20 17:05,2,,0
83,60720,KH바텍,KOSDAQ,345453878780,기타,14590.0,13422.8,24.0,0.0,16.0,2,9.0,51.0,8.0,84.03361344537815,30.831708728300608,-,12294.5,11913.4,14101.567163786012,False,False,"{""trend_ma20"": 5, ""trend_ma50"": 5, ""trend_ma200"": 5, ""trend_align_20_50"": 3, ""trend_align_50_200"": 2, ""trend_adx"": 4, ""vol_explosion"": 5, ""vol_dryup"": 3, ""vol_today"": 8, ""risk_deduction"": -1}",1,-3527072410.0,-632154240.0,2026-01-20 17:05,2,,0
84,322310,오로스테크놀로지,KOSDAQ,234631877100,기타,25050.0,23000.0,25.0,0.0,13.0,5,7.0,50.0,8.183632734530939,31.09243697478992,41.12319553200857,-,24800.0,24007.0,27659.23759692016,False,False,"{""trend_ma20"": 5, ""trend_ma50"": 5, ""trend_ma200"": 5, ""trend_align_20_50"": 3, ""trend_align_50_200"": 2, ""trend_adx"": 5, ""vol_explosion"": 5, ""vol_dryup"": 5, ""vol_today"": 3, ""risk_deduction"": -3}",1,568953100.0,-1275984100.0,2026-01-20 17:05,2,,0
85,92870,엑시콘,KOSDAQ,208812752000,기타,16000.0,15460.0,24.0,0.0,10.0,6,10.0,50.0,3.375,37.81512605042017,36.4603272371125,-,15839.0,15397.6,17026.898016012106,False,False,"{""trend_ma20"": 5, ""trend_ma50"": 5, ""trend_ma200"": 5, ""trend_align_20_50"": 3, ""trend_align_50_200"": 2, ""trend_adx"": 4, ""vol_explosion"": 5, ""vol_dryup"": 5, ""risk_safe"": 10}",1,-930303520.0,1083859770.0,2026-01-20 17:05,2,,0
86,236200,슈프리마,KOSDAQ,269607691950,기타,37150.0,35250.0,17.0,0.0,20.0,4,9.0,50.0,5.114401076716016,89.91596638655462,24.60941171808101,-,37907.5,35764.0,40587.69268995704,False,False,"{""trend_ma50"": 5, ""trend_ma200"": 5, ""trend_align_20_50"": 3, ""trend_align_50_200"": 2, ""trend_adx"": 2, ""vol_explosion"": 5, ""vol_dryup"": 7, ""vol_today"": 8, ""risk_deduction"": -1}",0,-333484700.0,231005700.0,2026-01-20 17:05,2,,0
87,464080,에스오에스랩,KOSDAQ,385305807750,기타,21650.0,19918.0,25.0,0.0,12.0,4,9.0,50.0,8.0,100.0,81.25149017989466,-,16939.5,12953.0,20103.17693099956,False,False,"{""trend_ma20"": 5, ""trend_ma50"": 5, ""trend_ma200"": 5, ""trend_align_20_50"": 3, ""trend_align_50_200"": 2, ""trend_adx"": 5, ""vol_explosion"": 5, ""vol_dryup"": 7, ""risk_deduction"": -1}",0,-2561778500.0,1065449550.0,2026-01-20 17:05,2,,0
88,456010,아이씨티케이,KOSDAQ,216034811160,기타,15540.0,14680.0,19.0,10.0,10.0,2,9.0,50.0,5.534105534105534,2.5210084033613445,31.473063887798027,-,15859.5,15371.0,18779.080636820127,False,True,"{""trend_ma50"": 5, ""trend_ma200"": 5, ""trend_align_20_50"": 3, ""trend_align_50_200"": 2, ""trend_adx"": 4, ""pat_squeeze"": 10, ""vol_explosion"": 5, ""vol_dryup"": 5, ""risk_deduction"": -1}",1,-122589250.0,-1626536230.0,2026-01-20 17:05,2,,0
89,83310,엘오티베큠,KOSDAQ,219953907550,기타,12350.0,11950.0,14.0,10.0,13.0,2,10.0,49.0,3.238866396761133,0.0,39.57516957883207,-,12610.5,12514.2,13900.99853215807,False,True,"{""trend_ma200"": 5, ""trend_align_20_50"": 3, ""trend_align_50_200"": 2, ""trend_adx"": 4, ""pat_squeeze"": 10, ""vol_explosion"": 5, ""vol_dryup"": 5, ""vol_today"": 3, ""risk_safe"": 10}",1,-138965190.0,-65219150.0,2026-01-20 17:05,2,,0
90,17860,DS단석,KOSPI,340254502200,기타,19350.0,17180.0,13.0,10.0,16.0,5,5.0,49.0,11.214470284237729,12.605042016806722,25.03789720263813,-,18430.4,18883.0,21083.41919108252,False,True,"{""trend_ma20"": 5, ""trend_ma50"": 5, ""trend_adx"": 3, ""pat_squeeze"": 10, ""vol_explosion"": 5, ""vol_dryup"": 3, ""vol_today"": 8, ""risk_deduction"": -5}",1,428035450.0,-36096370.0,2026-01-20 17:05,2,,0
91,462350,이노스페이스,KOSDAQ,499028901800,기타,24200.0,22264.0,25.0,0.0,15.0,0,9.0,49.0,8.0,100.0,89.64359731318014,-,17285.5,13587.1,21505.929197108977,False,False,"{""trend_ma20"": 5, ""trend_ma50"": 5, ""trend_ma200"": 5, ""trend_align_20_50"": 3, ""trend_align_50_200"": 2, ""trend_adx"": 5, ""vol_explosion"": 5, ""vol_dryup"": 5, ""vol_today"": 5, ""risk_deduction"": -1}",0,-8058615750.0,-10169773350.0,2026-01-20 17:05,2,,0
92,98070,한텍,KOSDAQ,403697418300,기타,36300.0,31750.0,10.0,10.0,20.0,3,5.0,48.0,12.534435261707989,13.445378151260504,19.59713345973251,-,33190.0,33946.0,42030.304517761775,False,True,"{""trend_ma20"": 5, ""trend_ma50"": 5, ""pat_squeeze"": 10, ""vol_explosion"": 5, ""vol_dryup"": 7, ""vol_today"": 8, ""risk_deduction"": -5}",0,663429850.0,-1161248100.0,2026-01-20 17:05,2,,0
93,860,강남제비스코,KOSPI,225030000000,기타,17310.0,15925.2,25.0,0.0,12.0,2,9.0,48.0,8.0,100.0,71.15445513691812,-,14288.5,13109.6,15610.512291988958,False,False,"{""trend_ma20"": 5, ""trend_ma50"": 5, ""trend_ma200"": 5, ""trend_align_20_50"": 3, ""trend_align_50_200"": 2, ""trend_adx"": 5, ""vol_explosion"": 5, ""vol_dryup"": 7, ""risk_deduction"": -1}",1,-786606410.0,-3695090.0,2026-01-20 17:05,2,,0
94,290740,액트로,KOSDAQ,201199569890,기타,19990.0,18390.8,25.0,0.0,10.0,4,9.0,48.0,8.0,98.31932773109244,49.58018024010395,-,17894.5,11287.2,22013.804679839912,False,False,"{""trend_ma20"": 5, ""trend_ma50"": 5, ""trend_ma200"": 5, ""trend_align_20_50"": 3, ""trend_align_50_200"": 2, ""trend_adx"": 5, ""vol_explosion"": 5, ""vol_dryup"": 5, ""risk_deduction"": -1}",0,-3372410050.0,3882782800.0,2026-01-20 17:05,2,,0
95,234340,헥토파이낸셜,KOSDAQ,210677492480,기타,15080.0,14810.0,12.0,10.0,15.0,0,10.0,47.0,1.790450928381963,4.201680672268908,20.183248691436347,-,15978.0,15644.6,16985.4563293642,False,True,"{""trend_ma200"": 5, ""trend_align_20_50"": 3, ""trend_align_50_200"": 2, ""trend_adx"": 2, ""pat_squeeze"": 10, ""vol_explosion"": 5, ""vol_dryup"": 5, ""vol_today"": 5, ""risk_safe"": 10}",0,-2253648890.0,-635430600.0,2026-01-20 17:05,2,,0
96,308430,셀비온,KOSDAQ,295124730000,기타,23000.0,21000.0,22.0,0.0,15.0,3,7.0,47.0,8.695652173913043,26.89075630252101,20.221117179126026,-,22777.5,22122.2,27191.079713552597,False,False,"{""trend_ma20"": 5, ""trend_ma50"": 5, ""trend_ma200"": 5, ""trend_align_20_50"": 3, ""trend_align_50_200"": 2, ""trend_adx"": 2, ""vol_explosion"": 5, ""vol_dryup"": 7, ""vol_today"": 3, ""risk_deduction"": -3}",0,457945850.0,-733265250.0,2026-01-20 17:05,2,,0
97,64820,케이프,KOSDAQ,381636340800,기타,12350.0,11362.0,19.0,0.0,16.0,2,9.0,46.0,8.0,29.41176470588235,20.780428729014613,-,10626.5,10793.0,13930.26187980784,False,False,"{""trend_ma20"": 5, ""trend_ma50"": 5, ""trend_ma200"": 5, ""trend_align_50_200"": 2, ""trend_adx"": 2, ""vol_explosion"": 5, ""vol_dryup"": 3, ""vol_today"": 8, ""risk_deduction"": -1}",1,-2124172950.0,-58751360.0,2026-01-20 17:05,2,,0
98,122640,예스티,KOSDAQ,374262362130,기타,17530.0,17000.0,12.0,10.0,13.0,0,10.0,45.0,3.0233884768967485,10.084033613445378,20.295235768704405,-,17926.5,17643.6,19716.61300808665,False,True,"{""trend_ma200"": 5, ""trend_align_20_50"": 3, ""trend_align_50_200"": 2, ""trend_adx"": 2, ""pat_squeeze"": 10, ""vol_explosion"": 5, ""vol_dryup"": 5, ""vol_today"": 3, ""risk_safe"": 10}",0,-1800967280.0,-666414800.0,2026-01-20 17:05,2,,0
99,200880,서연이화,KOSPI,421373332830,기타,15590.0,14342.8,23.0,0.0,13.0,0,9.0,45.0,8.0,100.0,25.80039021255732,-,13571.0,12904.8,14734.935716991127,False,False,"{""trend_ma20"": 5, ""trend_ma50"": 5, ""trend_ma200"": 5, ""trend_align_20_50"": 3, ""trend_align_50_200"": 2, ""trend_adx"": 3, ""vol_explosion"": 5, ""vol_dryup"": 3, ""vol_today"": 5, ""risk_deduction"": -1}",0,-7367791000.0,-258668300.0,2026-01-20 17:05,2,,0
100,12200,계양전기,KOSPI,293734324910,기타,10790.0,9926.8,22.0,0.0,12.0,0,9.0,43.0,7.99999999999999,94.95798319327731,22.993331502711023,-,8524.0,4290.28,11455.30550076105,False,False,"{""trend_ma20"": 5, ""trend_ma50"": 5, ""trend_ma200"": 5, ""trend_align_20_50"": 3, ""trend_align_50_200"": 2, ""trend_adx"": 2, ""vol_explosion"": 5, ""vol_dryup"": 7, ""risk_deduction"": -1}",0,-1464185600.0,-2718620.0,2026-01-20 17:05,2,,0
